-- phpMyAdmin SQL Dump
-- version 5.2.1
-- https://www.phpmyadmin.net/
--
-- Host: 127.0.0.1
-- Generation Time: Mar 31, 2025 at 06:21 PM
-- Server version: 10.4.32-MariaDB
-- PHP Version: 8.2.12

SET SQL_MODE = "NO_AUTO_VALUE_ON_ZERO";
START TRANSACTION;
SET time_zone = "+00:00";


/*!40101 SET @OLD_CHARACTER_SET_CLIENT=@@CHARACTER_SET_CLIENT */;
/*!40101 SET @OLD_CHARACTER_SET_RESULTS=@@CHARACTER_SET_RESULTS */;
/*!40101 SET @OLD_COLLATION_CONNECTION=@@COLLATION_CONNECTION */;
/*!40101 SET NAMES utf8mb4 */;

--
-- Database: `attendance_db`
--

-- --------------------------------------------------------

--
-- Table structure for table `admin`
--

CREATE TABLE `admin` (
  `ad_id` varchar(20) NOT NULL,
  `ad_name` varchar(100) NOT NULL
) ENGINE=InnoDB DEFAULT CHARSET=utf8mb4 COLLATE=utf8mb4_general_ci;

-- --------------------------------------------------------

--
-- Table structure for table `attendance`
--

CREATE TABLE `attendance` (
  `co_id` varchar(10) NOT NULL,
  `std_id` varchar(20) NOT NULL,
  `att_l_no` int(2) NOT NULL,
  `bg_no` int(2) NOT NULL,
  `std_status` int(1) NOT NULL,
  `att_l_date` varchar(20) NOT NULL
) ENGINE=InnoDB DEFAULT CHARSET=utf8mb4 COLLATE=utf8mb4_general_ci;

--
-- Dumping data for table `attendance`
--

INSERT INTO `attendance` (`co_id`, `std_id`, `att_l_no`, `bg_no`, `std_status`, `att_l_date`) VALUES
('bio2334', 'ss', 1, 20, 1, '2025/03/25'),
('bio2334', 'ss', 2, 20, 0, '2025/03/25'),
('bio2334', 'ss', 4, 20, 0, '2025/03/25'),
('bio2334', 'ss', 6, 20, 0, '2025/03/27'),
('bio2334', 'ss', 20, 20, 0, '2025/03/29'),
('bio2334', 'ss', 21, 20, 0, '2025/03/29'),
('csm31', '1', 3, 20, 1, '2025/03/25'),
('csm31', '1', 4, 20, 0, '2025/03/29'),
('csm31', '1', 8, 20, 0, '2025/03/29'),
('csm31', '1', 9, 20, 0, '2025/03/30'),
('csm31', '1', 12, 20, 0, '2025/03/28'),
('csm31', '1', 13, 20, 0, '2025/03/28'),
('csm31', '1', 14, 20, 0, '2025/03/29'),
('csm31', '1', 20, 20, 0, '2025/03/29'),
('csm31', '1', 21, 20, 0, '2025/03/29'),
('csm31', '1', 22, 20, 0, '2025/03/29'),
('csm31', '1', 23, 20, 0, '2025/03/29'),
('csm31', '1', 24, 20, 0, '2025/03/29'),
('csm31', '1', 30, 20, 0, '2025/03/29'),
('csm31', '1', 33, 20, 0, '2025/03/29'),
('csm31', '1', 34, 20, 0, '2025/03/29'),
('csm31', '1', 35, 20, 0, '2025/03/29'),
('csm31', '1', 55, 20, 0, '2025/03/29'),
('csm31', '1', 111, 20, 0, '2025/03/29'),
('csm31', '1', 123, 20, 0, '2025/03/29'),
('csm31', '1', 144, 20, 0, '2025/03/29'),
('csm31', '1', 202, 20, 0, '2025/03/29'),
('csm31', '1', 332, 20, 0, '2025/03/29'),
('csm31', '1', 434, 20, 0, '2025/03/29'),
('csm31', '22', 4, 20, 1, '2025/03/29'),
('csm31', '22', 8, 20, 1, '2025/03/29'),
('csm31', '22', 9, 20, 1, '2025/03/30'),
('csm31', '22', 13, 20, 0, '2025/03/28'),
('csm31', '22', 14, 20, 1, '2025/03/29'),
('csm31', '22', 20, 20, 0, '2025/03/29'),
('csm31', '22', 21, 20, 1, '2025/03/29'),
('csm31', '22', 22, 20, 1, '2025/03/29'),
('csm31', '22', 23, 20, 1, '2025/03/29'),
('csm31', '22', 24, 20, 1, '2025/03/29'),
('csm31', '22', 30, 20, 0, '2025/03/29'),
('csm31', '22', 33, 20, 1, '2025/03/29'),
('csm31', '22', 34, 20, 0, '2025/03/29'),
('csm31', '22', 35, 20, 1, '2025/03/29'),
('csm31', '22', 55, 20, 1, '2025/03/29'),
('csm31', '22', 111, 20, 1, '2025/03/29'),
('csm31', '22', 123, 20, 1, '2025/03/29'),
('csm31', '22', 144, 20, 1, '2025/03/29'),
('csm31', '22', 202, 20, 1, '2025/03/29'),
('csm31', '22', 332, 20, 0, '2025/03/29'),
('csm31', '22', 434, 20, 1, '2025/03/29'),
('csm31', '333', 4, 20, 0, '2025/03/29'),
('csm31', '333', 8, 20, 0, '2025/03/29'),
('csm31', '333', 9, 20, 0, '2025/03/30'),
('csm31', '333', 13, 20, 0, '2025/03/28'),
('csm31', '333', 14, 20, 0, '2025/03/29'),
('csm31', '333', 20, 20, 0, '2025/03/29'),
('csm31', '333', 21, 20, 0, '2025/03/29'),
('csm31', '333', 22, 20, 0, '2025/03/29'),
('csm31', '333', 23, 20, 0, '2025/03/29'),
('csm31', '333', 24, 20, 0, '2025/03/29'),
('csm31', '333', 30, 20, 0, '2025/03/29'),
('csm31', '333', 33, 20, 0, '2025/03/29'),
('csm31', '333', 34, 20, 0, '2025/03/29'),
('csm31', '333', 35, 20, 0, '2025/03/29'),
('csm31', '333', 55, 20, 0, '2025/03/29'),
('csm31', '333', 111, 20, 0, '2025/03/29'),
('csm31', '333', 123, 20, 0, '2025/03/29'),
('csm31', '333', 144, 20, 0, '2025/03/29'),
('csm31', '333', 202, 20, 0, '2025/03/29'),
('csm31', '333', 332, 20, 0, '2025/03/29'),
('csm31', '333', 434, 20, 0, '2025/03/29'),
('csm31', '334', 2, 20, 1, '2025/02/20'),
('csm31', 'dd', 4, 20, 0, '2025/03/29'),
('csm31', 'dd', 8, 20, 0, '2025/03/29'),
('csm31', 'dd', 9, 20, 0, '2025/03/30'),
('csm31', 'dd', 13, 20, 0, '2025/03/28'),
('csm31', 'dd', 14, 20, 0, '2025/03/29'),
('csm31', 'dd', 20, 20, 0, '2025/03/29'),
('csm31', 'dd', 21, 20, 0, '2025/03/29'),
('csm31', 'dd', 22, 20, 0, '2025/03/29'),
('csm31', 'dd', 23, 20, 0, '2025/03/29'),
('csm31', 'dd', 24, 20, 0, '2025/03/29'),
('csm31', 'dd', 30, 20, 0, '2025/03/29'),
('csm31', 'dd', 33, 20, 0, '2025/03/29'),
('csm31', 'dd', 34, 20, 0, '2025/03/29'),
('csm31', 'dd', 35, 20, 0, '2025/03/29'),
('csm31', 'dd', 55, 20, 0, '2025/03/29'),
('csm31', 'dd', 111, 20, 0, '2025/03/29'),
('csm31', 'dd', 123, 20, 0, '2025/03/29'),
('csm31', 'dd', 144, 20, 0, '2025/03/29'),
('csm31', 'dd', 202, 20, 0, '2025/03/29'),
('csm31', 'dd', 332, 20, 0, '2025/03/29'),
('csm31', 'dd', 434, 20, 0, '2025/03/29'),
('csm31', 'ID_00001', 4, 20, 0, '2025/03/29'),
('csm31', 'ID_00001', 8, 20, 0, '2025/03/29'),
('csm31', 'ID_00001', 9, 20, 0, '2025/03/30'),
('csm31', 'ID_00001', 13, 20, 0, '2025/03/28'),
('csm31', 'ID_00001', 14, 20, 0, '2025/03/29'),
('csm31', 'ID_00001', 20, 20, 0, '2025/03/29'),
('csm31', 'ID_00001', 21, 20, 0, '2025/03/29'),
('csm31', 'ID_00001', 22, 20, 0, '2025/03/29'),
('csm31', 'ID_00001', 23, 20, 0, '2025/03/29'),
('csm31', 'ID_00001', 24, 20, 0, '2025/03/29'),
('csm31', 'ID_00001', 30, 20, 0, '2025/03/29'),
('csm31', 'ID_00001', 33, 20, 0, '2025/03/29'),
('csm31', 'ID_00001', 34, 20, 0, '2025/03/29'),
('csm31', 'ID_00001', 35, 20, 0, '2025/03/29'),
('csm31', 'ID_00001', 55, 20, 0, '2025/03/29'),
('csm31', 'ID_00001', 111, 20, 0, '2025/03/29'),
('csm31', 'ID_00001', 123, 20, 0, '2025/03/29'),
('csm31', 'ID_00001', 144, 20, 0, '2025/03/29'),
('csm31', 'ID_00001', 202, 20, 0, '2025/03/29'),
('csm31', 'ID_00001', 332, 20, 0, '2025/03/29'),
('csm31', 'ID_00001', 434, 20, 0, '2025/03/29'),
('csm31', 'ID_00002', 4, 20, 0, '2025/03/29'),
('csm31', 'ID_00002', 8, 20, 0, '2025/03/29'),
('csm31', 'ID_00002', 9, 20, 0, '2025/03/30'),
('csm31', 'ID_00002', 13, 20, 0, '2025/03/28'),
('csm31', 'ID_00002', 14, 20, 0, '2025/03/29'),
('csm31', 'ID_00002', 20, 20, 0, '2025/03/29'),
('csm31', 'ID_00002', 21, 20, 0, '2025/03/29'),
('csm31', 'ID_00002', 22, 20, 0, '2025/03/29'),
('csm31', 'ID_00002', 23, 20, 0, '2025/03/29'),
('csm31', 'ID_00002', 24, 20, 0, '2025/03/29'),
('csm31', 'ID_00002', 30, 20, 0, '2025/03/29'),
('csm31', 'ID_00002', 33, 20, 0, '2025/03/29'),
('csm31', 'ID_00002', 34, 20, 0, '2025/03/29'),
('csm31', 'ID_00002', 35, 20, 0, '2025/03/29'),
('csm31', 'ID_00002', 55, 20, 0, '2025/03/29'),
('csm31', 'ID_00002', 111, 20, 0, '2025/03/29'),
('csm31', 'ID_00002', 123, 20, 0, '2025/03/29'),
('csm31', 'ID_00002', 144, 20, 0, '2025/03/29'),
('csm31', 'ID_00002', 202, 20, 0, '2025/03/29'),
('csm31', 'ID_00002', 332, 20, 0, '2025/03/29'),
('csm31', 'ID_00002', 434, 20, 1, '2025/03/29'),
('csm31', 'ID_00003', 4, 20, 0, '2025/03/29'),
('csm31', 'ID_00003', 8, 20, 0, '2025/03/29'),
('csm31', 'ID_00003', 9, 20, 0, '2025/03/30'),
('csm31', 'ID_00003', 13, 20, 0, '2025/03/28'),
('csm31', 'ID_00003', 14, 20, 0, '2025/03/29'),
('csm31', 'ID_00003', 20, 20, 0, '2025/03/29'),
('csm31', 'ID_00003', 21, 20, 0, '2025/03/29'),
('csm31', 'ID_00003', 22, 20, 0, '2025/03/29'),
('csm31', 'ID_00003', 23, 20, 0, '2025/03/29'),
('csm31', 'ID_00003', 24, 20, 0, '2025/03/29'),
('csm31', 'ID_00003', 30, 20, 0, '2025/03/29'),
('csm31', 'ID_00003', 33, 20, 0, '2025/03/29'),
('csm31', 'ID_00003', 34, 20, 0, '2025/03/29'),
('csm31', 'ID_00003', 35, 20, 0, '2025/03/29'),
('csm31', 'ID_00003', 55, 20, 0, '2025/03/29'),
('csm31', 'ID_00003', 111, 20, 0, '2025/03/29'),
('csm31', 'ID_00003', 123, 20, 0, '2025/03/29'),
('csm31', 'ID_00003', 144, 20, 0, '2025/03/29'),
('csm31', 'ID_00003', 202, 20, 0, '2025/03/29'),
('csm31', 'ID_00003', 332, 20, 0, '2025/03/29'),
('csm31', 'ID_00003', 434, 20, 0, '2025/03/29'),
('csm31', 'ID_00004', 4, 20, 0, '2025/03/29'),
('csm31', 'ID_00004', 8, 20, 0, '2025/03/29'),
('csm31', 'ID_00004', 9, 20, 0, '2025/03/30'),
('csm31', 'ID_00004', 13, 20, 0, '2025/03/28'),
('csm31', 'ID_00004', 14, 20, 0, '2025/03/29'),
('csm31', 'ID_00004', 20, 20, 0, '2025/03/29'),
('csm31', 'ID_00004', 21, 20, 0, '2025/03/29'),
('csm31', 'ID_00004', 22, 20, 0, '2025/03/29'),
('csm31', 'ID_00004', 23, 20, 0, '2025/03/29'),
('csm31', 'ID_00004', 24, 20, 0, '2025/03/29'),
('csm31', 'ID_00004', 30, 20, 0, '2025/03/29'),
('csm31', 'ID_00004', 33, 20, 0, '2025/03/29'),
('csm31', 'ID_00004', 34, 20, 0, '2025/03/29'),
('csm31', 'ID_00004', 35, 20, 0, '2025/03/29'),
('csm31', 'ID_00004', 55, 20, 0, '2025/03/29'),
('csm31', 'ID_00004', 111, 20, 0, '2025/03/29'),
('csm31', 'ID_00004', 123, 20, 0, '2025/03/29'),
('csm31', 'ID_00004', 144, 20, 0, '2025/03/29'),
('csm31', 'ID_00004', 202, 20, 0, '2025/03/29'),
('csm31', 'ID_00004', 332, 20, 0, '2025/03/29'),
('csm31', 'ID_00004', 434, 20, 0, '2025/03/29'),
('csm31', 'ID_00005', 4, 20, 0, '2025/03/29'),
('csm31', 'ID_00005', 8, 20, 0, '2025/03/29'),
('csm31', 'ID_00005', 9, 20, 1, '2025/03/30'),
('csm31', 'ID_00005', 13, 20, 0, '2025/03/28'),
('csm31', 'ID_00005', 14, 20, 0, '2025/03/29'),
('csm31', 'ID_00005', 20, 20, 0, '2025/03/29'),
('csm31', 'ID_00005', 21, 20, 0, '2025/03/29'),
('csm31', 'ID_00005', 22, 20, 0, '2025/03/29'),
('csm31', 'ID_00005', 23, 20, 0, '2025/03/29'),
('csm31', 'ID_00005', 24, 20, 0, '2025/03/29'),
('csm31', 'ID_00005', 30, 20, 0, '2025/03/29'),
('csm31', 'ID_00005', 33, 20, 0, '2025/03/29'),
('csm31', 'ID_00005', 34, 20, 0, '2025/03/29'),
('csm31', 'ID_00005', 35, 20, 0, '2025/03/29'),
('csm31', 'ID_00005', 55, 20, 0, '2025/03/29'),
('csm31', 'ID_00005', 111, 20, 0, '2025/03/29'),
('csm31', 'ID_00005', 123, 20, 0, '2025/03/29'),
('csm31', 'ID_00005', 144, 20, 0, '2025/03/29'),
('csm31', 'ID_00005', 202, 20, 0, '2025/03/29'),
('csm31', 'ID_00005', 332, 20, 0, '2025/03/29'),
('csm31', 'ID_00005', 434, 20, 0, '2025/03/29'),
('csm31', 'ID_00006', 4, 20, 0, '2025/03/29'),
('csm31', 'ID_00006', 8, 20, 0, '2025/03/29'),
('csm31', 'ID_00006', 9, 20, 0, '2025/03/30'),
('csm31', 'ID_00006', 13, 20, 0, '2025/03/28'),
('csm31', 'ID_00006', 14, 20, 0, '2025/03/29'),
('csm31', 'ID_00006', 20, 20, 0, '2025/03/29'),
('csm31', 'ID_00006', 21, 20, 0, '2025/03/29'),
('csm31', 'ID_00006', 22, 20, 0, '2025/03/29'),
('csm31', 'ID_00006', 23, 20, 0, '2025/03/29'),
('csm31', 'ID_00006', 24, 20, 0, '2025/03/29'),
('csm31', 'ID_00006', 30, 20, 0, '2025/03/29'),
('csm31', 'ID_00006', 33, 20, 0, '2025/03/29'),
('csm31', 'ID_00006', 34, 20, 0, '2025/03/29'),
('csm31', 'ID_00006', 35, 20, 0, '2025/03/29'),
('csm31', 'ID_00006', 55, 20, 0, '2025/03/29'),
('csm31', 'ID_00006', 111, 20, 0, '2025/03/29'),
('csm31', 'ID_00006', 123, 20, 0, '2025/03/29'),
('csm31', 'ID_00006', 144, 20, 0, '2025/03/29'),
('csm31', 'ID_00006', 202, 20, 0, '2025/03/29'),
('csm31', 'ID_00006', 332, 20, 0, '2025/03/29'),
('csm31', 'ID_00006', 434, 20, 0, '2025/03/29'),
('csm31', 'ID_00007', 4, 20, 0, '2025/03/29'),
('csm31', 'ID_00007', 8, 20, 0, '2025/03/29'),
('csm31', 'ID_00007', 9, 20, 1, '2025/03/30'),
('csm31', 'ID_00007', 13, 20, 0, '2025/03/28'),
('csm31', 'ID_00007', 14, 20, 0, '2025/03/29'),
('csm31', 'ID_00007', 20, 20, 0, '2025/03/29'),
('csm31', 'ID_00007', 21, 20, 0, '2025/03/29'),
('csm31', 'ID_00007', 22, 20, 0, '2025/03/29'),
('csm31', 'ID_00007', 23, 20, 0, '2025/03/29'),
('csm31', 'ID_00007', 24, 20, 0, '2025/03/29'),
('csm31', 'ID_00007', 30, 20, 0, '2025/03/29'),
('csm31', 'ID_00007', 33, 20, 0, '2025/03/29'),
('csm31', 'ID_00007', 34, 20, 0, '2025/03/29'),
('csm31', 'ID_00007', 35, 20, 0, '2025/03/29'),
('csm31', 'ID_00007', 55, 20, 0, '2025/03/29'),
('csm31', 'ID_00007', 111, 20, 0, '2025/03/29'),
('csm31', 'ID_00007', 123, 20, 0, '2025/03/29'),
('csm31', 'ID_00007', 144, 20, 0, '2025/03/29'),
('csm31', 'ID_00007', 202, 20, 0, '2025/03/29'),
('csm31', 'ID_00007', 332, 20, 0, '2025/03/29'),
('csm31', 'ID_00007', 434, 20, 0, '2025/03/29'),
('csm31', 'ID_00009', 4, 20, 0, '2025/03/29'),
('csm31', 'ID_00009', 8, 20, 0, '2025/03/29'),
('csm31', 'ID_00009', 9, 20, 1, '2025/03/30'),
('csm31', 'ID_00009', 13, 20, 0, '2025/03/28'),
('csm31', 'ID_00009', 14, 20, 0, '2025/03/29'),
('csm31', 'ID_00009', 20, 20, 0, '2025/03/29'),
('csm31', 'ID_00009', 21, 20, 0, '2025/03/29'),
('csm31', 'ID_00009', 22, 20, 0, '2025/03/29'),
('csm31', 'ID_00009', 23, 20, 0, '2025/03/29'),
('csm31', 'ID_00009', 24, 20, 0, '2025/03/29'),
('csm31', 'ID_00009', 30, 20, 0, '2025/03/29'),
('csm31', 'ID_00009', 33, 20, 0, '2025/03/29'),
('csm31', 'ID_00009', 34, 20, 0, '2025/03/29'),
('csm31', 'ID_00009', 35, 20, 0, '2025/03/29'),
('csm31', 'ID_00009', 55, 20, 0, '2025/03/29'),
('csm31', 'ID_00009', 111, 20, 0, '2025/03/29'),
('csm31', 'ID_00009', 123, 20, 0, '2025/03/29'),
('csm31', 'ID_00009', 144, 20, 0, '2025/03/29'),
('csm31', 'ID_00009', 202, 20, 0, '2025/03/29'),
('csm31', 'ID_00009', 332, 20, 0, '2025/03/29'),
('csm31', 'ID_00009', 434, 20, 0, '2025/03/29'),
('csm31', 'ID_00010', 4, 20, 0, '2025/03/29'),
('csm31', 'ID_00010', 8, 20, 0, '2025/03/29'),
('csm31', 'ID_00010', 9, 20, 0, '2025/03/30'),
('csm31', 'ID_00010', 13, 20, 0, '2025/03/28'),
('csm31', 'ID_00010', 14, 20, 0, '2025/03/29'),
('csm31', 'ID_00010', 20, 20, 0, '2025/03/29'),
('csm31', 'ID_00010', 21, 20, 0, '2025/03/29'),
('csm31', 'ID_00010', 22, 20, 0, '2025/03/29'),
('csm31', 'ID_00010', 23, 20, 0, '2025/03/29'),
('csm31', 'ID_00010', 24, 20, 0, '2025/03/29'),
('csm31', 'ID_00010', 30, 20, 0, '2025/03/29'),
('csm31', 'ID_00010', 33, 20, 0, '2025/03/29'),
('csm31', 'ID_00010', 34, 20, 0, '2025/03/29'),
('csm31', 'ID_00010', 35, 20, 0, '2025/03/29'),
('csm31', 'ID_00010', 55, 20, 0, '2025/03/29'),
('csm31', 'ID_00010', 111, 20, 0, '2025/03/29'),
('csm31', 'ID_00010', 123, 20, 0, '2025/03/29'),
('csm31', 'ID_00010', 144, 20, 0, '2025/03/29'),
('csm31', 'ID_00010', 202, 20, 0, '2025/03/29'),
('csm31', 'ID_00010', 332, 20, 0, '2025/03/29'),
('csm31', 'ID_00010', 434, 20, 0, '2025/03/29'),
('csm31', 'ID_00011', 4, 20, 0, '2025/03/29'),
('csm31', 'ID_00011', 8, 20, 0, '2025/03/29'),
('csm31', 'ID_00011', 9, 20, 0, '2025/03/30'),
('csm31', 'ID_00011', 13, 20, 0, '2025/03/28'),
('csm31', 'ID_00011', 14, 20, 0, '2025/03/29'),
('csm31', 'ID_00011', 20, 20, 0, '2025/03/29'),
('csm31', 'ID_00011', 21, 20, 0, '2025/03/29'),
('csm31', 'ID_00011', 22, 20, 0, '2025/03/29'),
('csm31', 'ID_00011', 23, 20, 0, '2025/03/29'),
('csm31', 'ID_00011', 24, 20, 0, '2025/03/29'),
('csm31', 'ID_00011', 30, 20, 0, '2025/03/29'),
('csm31', 'ID_00011', 33, 20, 0, '2025/03/29'),
('csm31', 'ID_00011', 34, 20, 0, '2025/03/29'),
('csm31', 'ID_00011', 35, 20, 0, '2025/03/29'),
('csm31', 'ID_00011', 55, 20, 0, '2025/03/29'),
('csm31', 'ID_00011', 111, 20, 0, '2025/03/29'),
('csm31', 'ID_00011', 123, 20, 0, '2025/03/29'),
('csm31', 'ID_00011', 144, 20, 0, '2025/03/29'),
('csm31', 'ID_00011', 202, 20, 0, '2025/03/29'),
('csm31', 'ID_00011', 332, 20, 0, '2025/03/29'),
('csm31', 'ID_00011', 434, 20, 0, '2025/03/29'),
('csm31', 'ID_00012', 4, 20, 0, '2025/03/29'),
('csm31', 'ID_00012', 8, 20, 0, '2025/03/29'),
('csm31', 'ID_00012', 9, 20, 1, '2025/03/30'),
('csm31', 'ID_00012', 13, 20, 0, '2025/03/28'),
('csm31', 'ID_00012', 14, 20, 0, '2025/03/29'),
('csm31', 'ID_00012', 20, 20, 0, '2025/03/29'),
('csm31', 'ID_00012', 21, 20, 0, '2025/03/29'),
('csm31', 'ID_00012', 22, 20, 0, '2025/03/29'),
('csm31', 'ID_00012', 23, 20, 0, '2025/03/29'),
('csm31', 'ID_00012', 24, 20, 0, '2025/03/29'),
('csm31', 'ID_00012', 30, 20, 0, '2025/03/29'),
('csm31', 'ID_00012', 33, 20, 0, '2025/03/29'),
('csm31', 'ID_00012', 34, 20, 0, '2025/03/29'),
('csm31', 'ID_00012', 35, 20, 0, '2025/03/29'),
('csm31', 'ID_00012', 55, 20, 0, '2025/03/29'),
('csm31', 'ID_00012', 111, 20, 0, '2025/03/29'),
('csm31', 'ID_00012', 123, 20, 0, '2025/03/29'),
('csm31', 'ID_00012', 144, 20, 0, '2025/03/29'),
('csm31', 'ID_00012', 202, 20, 0, '2025/03/29'),
('csm31', 'ID_00012', 332, 20, 0, '2025/03/29'),
('csm31', 'ID_00012', 434, 20, 0, '2025/03/29'),
('csm31', 'ID_00015', 4, 20, 0, '2025/03/29'),
('csm31', 'ID_00015', 8, 20, 0, '2025/03/29'),
('csm31', 'ID_00015', 9, 20, 0, '2025/03/30'),
('csm31', 'ID_00015', 13, 20, 0, '2025/03/28'),
('csm31', 'ID_00015', 14, 20, 0, '2025/03/29'),
('csm31', 'ID_00015', 20, 20, 0, '2025/03/29'),
('csm31', 'ID_00015', 21, 20, 0, '2025/03/29'),
('csm31', 'ID_00015', 22, 20, 0, '2025/03/29'),
('csm31', 'ID_00015', 23, 20, 0, '2025/03/29'),
('csm31', 'ID_00015', 24, 20, 0, '2025/03/29'),
('csm31', 'ID_00015', 30, 20, 0, '2025/03/29'),
('csm31', 'ID_00015', 33, 20, 0, '2025/03/29'),
('csm31', 'ID_00015', 34, 20, 0, '2025/03/29'),
('csm31', 'ID_00015', 35, 20, 0, '2025/03/29'),
('csm31', 'ID_00015', 55, 20, 0, '2025/03/29'),
('csm31', 'ID_00015', 111, 20, 0, '2025/03/29'),
('csm31', 'ID_00015', 123, 20, 0, '2025/03/29'),
('csm31', 'ID_00015', 144, 20, 0, '2025/03/29'),
('csm31', 'ID_00015', 202, 20, 0, '2025/03/29'),
('csm31', 'ID_00015', 332, 20, 0, '2025/03/29'),
('csm31', 'ID_00015', 434, 20, 0, '2025/03/29'),
('csm31', 'ID_00016', 4, 20, 0, '2025/03/29'),
('csm31', 'ID_00016', 8, 20, 0, '2025/03/29'),
('csm31', 'ID_00016', 9, 20, 1, '2025/03/30'),
('csm31', 'ID_00016', 13, 20, 0, '2025/03/28'),
('csm31', 'ID_00016', 14, 20, 0, '2025/03/29'),
('csm31', 'ID_00016', 20, 20, 0, '2025/03/29'),
('csm31', 'ID_00016', 21, 20, 0, '2025/03/29'),
('csm31', 'ID_00016', 22, 20, 0, '2025/03/29'),
('csm31', 'ID_00016', 23, 20, 0, '2025/03/29'),
('csm31', 'ID_00016', 24, 20, 0, '2025/03/29'),
('csm31', 'ID_00016', 30, 20, 0, '2025/03/29'),
('csm31', 'ID_00016', 33, 20, 0, '2025/03/29'),
('csm31', 'ID_00016', 34, 20, 0, '2025/03/29'),
('csm31', 'ID_00016', 35, 20, 0, '2025/03/29'),
('csm31', 'ID_00016', 55, 20, 0, '2025/03/29'),
('csm31', 'ID_00016', 111, 20, 0, '2025/03/29'),
('csm31', 'ID_00016', 123, 20, 0, '2025/03/29'),
('csm31', 'ID_00016', 144, 20, 0, '2025/03/29'),
('csm31', 'ID_00016', 202, 20, 0, '2025/03/29'),
('csm31', 'ID_00016', 332, 20, 0, '2025/03/29'),
('csm31', 'ID_00016', 434, 20, 0, '2025/03/29'),
('csm31', 'ID_00017', 4, 20, 0, '2025/03/29'),
('csm31', 'ID_00017', 8, 20, 0, '2025/03/29'),
('csm31', 'ID_00017', 9, 20, 0, '2025/03/30'),
('csm31', 'ID_00017', 13, 20, 0, '2025/03/28'),
('csm31', 'ID_00017', 14, 20, 0, '2025/03/29'),
('csm31', 'ID_00017', 20, 20, 0, '2025/03/29'),
('csm31', 'ID_00017', 21, 20, 0, '2025/03/29'),
('csm31', 'ID_00017', 22, 20, 0, '2025/03/29'),
('csm31', 'ID_00017', 23, 20, 0, '2025/03/29'),
('csm31', 'ID_00017', 24, 20, 0, '2025/03/29'),
('csm31', 'ID_00017', 30, 20, 0, '2025/03/29'),
('csm31', 'ID_00017', 33, 20, 0, '2025/03/29'),
('csm31', 'ID_00017', 34, 20, 0, '2025/03/29'),
('csm31', 'ID_00017', 35, 20, 0, '2025/03/29'),
('csm31', 'ID_00017', 55, 20, 0, '2025/03/29'),
('csm31', 'ID_00017', 111, 20, 0, '2025/03/29'),
('csm31', 'ID_00017', 123, 20, 0, '2025/03/29'),
('csm31', 'ID_00017', 144, 20, 0, '2025/03/29'),
('csm31', 'ID_00017', 202, 20, 0, '2025/03/29'),
('csm31', 'ID_00017', 332, 20, 0, '2025/03/29'),
('csm31', 'ID_00017', 434, 20, 0, '2025/03/29'),
('csm31', 'ID_00018', 4, 20, 0, '2025/03/29'),
('csm31', 'ID_00018', 8, 20, 0, '2025/03/29'),
('csm31', 'ID_00018', 9, 20, 1, '2025/03/30'),
('csm31', 'ID_00018', 13, 20, 0, '2025/03/28'),
('csm31', 'ID_00018', 14, 20, 0, '2025/03/29'),
('csm31', 'ID_00018', 20, 20, 0, '2025/03/29'),
('csm31', 'ID_00018', 21, 20, 0, '2025/03/29'),
('csm31', 'ID_00018', 22, 20, 0, '2025/03/29'),
('csm31', 'ID_00018', 23, 20, 0, '2025/03/29'),
('csm31', 'ID_00018', 24, 20, 0, '2025/03/29'),
('csm31', 'ID_00018', 30, 20, 0, '2025/03/29'),
('csm31', 'ID_00018', 33, 20, 0, '2025/03/29'),
('csm31', 'ID_00018', 34, 20, 0, '2025/03/29'),
('csm31', 'ID_00018', 35, 20, 0, '2025/03/29'),
('csm31', 'ID_00018', 55, 20, 1, '2025/03/29'),
('csm31', 'ID_00018', 111, 20, 0, '2025/03/29'),
('csm31', 'ID_00018', 123, 20, 0, '2025/03/29'),
('csm31', 'ID_00018', 144, 20, 0, '2025/03/29'),
('csm31', 'ID_00018', 202, 20, 0, '2025/03/29'),
('csm31', 'ID_00018', 332, 20, 0, '2025/03/29'),
('csm31', 'ID_00018', 434, 20, 0, '2025/03/29'),
('csm31', 'ID_00019', 4, 20, 0, '2025/03/29'),
('csm31', 'ID_00019', 8, 20, 0, '2025/03/29'),
('csm31', 'ID_00019', 9, 20, 0, '2025/03/30'),
('csm31', 'ID_00019', 13, 20, 0, '2025/03/28'),
('csm31', 'ID_00019', 14, 20, 0, '2025/03/29'),
('csm31', 'ID_00019', 20, 20, 0, '2025/03/29'),
('csm31', 'ID_00019', 21, 20, 0, '2025/03/29'),
('csm31', 'ID_00019', 22, 20, 0, '2025/03/29'),
('csm31', 'ID_00019', 23, 20, 0, '2025/03/29'),
('csm31', 'ID_00019', 24, 20, 0, '2025/03/29'),
('csm31', 'ID_00019', 30, 20, 0, '2025/03/29'),
('csm31', 'ID_00019', 33, 20, 0, '2025/03/29'),
('csm31', 'ID_00019', 34, 20, 0, '2025/03/29'),
('csm31', 'ID_00019', 35, 20, 0, '2025/03/29'),
('csm31', 'ID_00019', 55, 20, 0, '2025/03/29'),
('csm31', 'ID_00019', 111, 20, 0, '2025/03/29'),
('csm31', 'ID_00019', 123, 20, 0, '2025/03/29'),
('csm31', 'ID_00019', 144, 20, 0, '2025/03/29'),
('csm31', 'ID_00019', 202, 20, 0, '2025/03/29'),
('csm31', 'ID_00019', 332, 20, 0, '2025/03/29'),
('csm31', 'ID_00019', 434, 20, 0, '2025/03/29'),
('csm31', 'ID_00020', 4, 20, 0, '2025/03/29'),
('csm31', 'ID_00020', 8, 20, 0, '2025/03/29'),
('csm31', 'ID_00020', 9, 20, 0, '2025/03/30'),
('csm31', 'ID_00020', 13, 20, 0, '2025/03/28'),
('csm31', 'ID_00020', 14, 20, 0, '2025/03/29'),
('csm31', 'ID_00020', 20, 20, 0, '2025/03/29'),
('csm31', 'ID_00020', 21, 20, 0, '2025/03/29'),
('csm31', 'ID_00020', 22, 20, 0, '2025/03/29'),
('csm31', 'ID_00020', 23, 20, 0, '2025/03/29'),
('csm31', 'ID_00020', 24, 20, 0, '2025/03/29'),
('csm31', 'ID_00020', 30, 20, 0, '2025/03/29'),
('csm31', 'ID_00020', 33, 20, 0, '2025/03/29'),
('csm31', 'ID_00020', 34, 20, 0, '2025/03/29'),
('csm31', 'ID_00020', 35, 20, 0, '2025/03/29'),
('csm31', 'ID_00020', 55, 20, 0, '2025/03/29'),
('csm31', 'ID_00020', 111, 20, 0, '2025/03/29'),
('csm31', 'ID_00020', 123, 20, 0, '2025/03/29'),
('csm31', 'ID_00020', 144, 20, 0, '2025/03/29'),
('csm31', 'ID_00020', 202, 20, 0, '2025/03/29'),
('csm31', 'ID_00020', 332, 20, 0, '2025/03/29'),
('csm31', 'ID_00020', 434, 20, 0, '2025/03/29'),
('csm31', 'ID_00021', 4, 20, 0, '2025/03/29'),
('csm31', 'ID_00021', 8, 20, 1, '2025/03/29'),
('csm31', 'ID_00021', 9, 20, 1, '2025/03/30'),
('csm31', 'ID_00021', 13, 20, 0, '2025/03/28'),
('csm31', 'ID_00021', 14, 20, 1, '2025/03/29'),
('csm31', 'ID_00021', 20, 20, 1, '2025/03/29'),
('csm31', 'ID_00021', 21, 20, 1, '2025/03/29'),
('csm31', 'ID_00021', 22, 20, 1, '2025/03/29'),
('csm31', 'ID_00021', 23, 20, 1, '2025/03/29'),
('csm31', 'ID_00021', 24, 20, 1, '2025/03/29'),
('csm31', 'ID_00021', 30, 20, 0, '2025/03/29'),
('csm31', 'ID_00021', 33, 20, 1, '2025/03/29'),
('csm31', 'ID_00021', 34, 20, 0, '2025/03/29'),
('csm31', 'ID_00021', 35, 20, 0, '2025/03/29'),
('csm31', 'ID_00021', 55, 20, 1, '2025/03/29'),
('csm31', 'ID_00021', 111, 20, 1, '2025/03/29'),
('csm31', 'ID_00021', 123, 20, 0, '2025/03/29'),
('csm31', 'ID_00021', 144, 20, 1, '2025/03/29'),
('csm31', 'ID_00021', 202, 20, 1, '2025/03/29'),
('csm31', 'ID_00021', 332, 20, 0, '2025/03/29'),
('csm31', 'ID_00021', 434, 20, 1, '2025/03/29'),
('csm31', 'ID_00022', 4, 20, 0, '2025/03/29'),
('csm31', 'ID_00022', 8, 20, 0, '2025/03/29'),
('csm31', 'ID_00022', 9, 20, 0, '2025/03/30'),
('csm31', 'ID_00022', 13, 20, 0, '2025/03/28'),
('csm31', 'ID_00022', 14, 20, 0, '2025/03/29'),
('csm31', 'ID_00022', 20, 20, 0, '2025/03/29'),
('csm31', 'ID_00022', 21, 20, 0, '2025/03/29'),
('csm31', 'ID_00022', 22, 20, 0, '2025/03/29'),
('csm31', 'ID_00022', 23, 20, 0, '2025/03/29'),
('csm31', 'ID_00022', 24, 20, 0, '2025/03/29'),
('csm31', 'ID_00022', 30, 20, 0, '2025/03/29'),
('csm31', 'ID_00022', 33, 20, 0, '2025/03/29'),
('csm31', 'ID_00022', 34, 20, 0, '2025/03/29'),
('csm31', 'ID_00022', 35, 20, 0, '2025/03/29'),
('csm31', 'ID_00022', 55, 20, 0, '2025/03/29'),
('csm31', 'ID_00022', 111, 20, 0, '2025/03/29'),
('csm31', 'ID_00022', 123, 20, 0, '2025/03/29'),
('csm31', 'ID_00022', 144, 20, 0, '2025/03/29'),
('csm31', 'ID_00022', 202, 20, 0, '2025/03/29'),
('csm31', 'ID_00022', 332, 20, 0, '2025/03/29'),
('csm31', 'ID_00022', 434, 20, 0, '2025/03/29'),
('csm31', 'ID_00023', 4, 20, 0, '2025/03/29'),
('csm31', 'ID_00023', 8, 20, 0, '2025/03/29'),
('csm31', 'ID_00023', 9, 20, 1, '2025/03/30'),
('csm31', 'ID_00023', 13, 20, 0, '2025/03/28'),
('csm31', 'ID_00023', 14, 20, 0, '2025/03/29'),
('csm31', 'ID_00023', 20, 20, 0, '2025/03/29'),
('csm31', 'ID_00023', 21, 20, 0, '2025/03/29'),
('csm31', 'ID_00023', 22, 20, 0, '2025/03/29'),
('csm31', 'ID_00023', 23, 20, 0, '2025/03/29'),
('csm31', 'ID_00023', 24, 20, 0, '2025/03/29'),
('csm31', 'ID_00023', 30, 20, 0, '2025/03/29'),
('csm31', 'ID_00023', 33, 20, 0, '2025/03/29'),
('csm31', 'ID_00023', 34, 20, 0, '2025/03/29'),
('csm31', 'ID_00023', 35, 20, 0, '2025/03/29'),
('csm31', 'ID_00023', 55, 20, 0, '2025/03/29'),
('csm31', 'ID_00023', 111, 20, 0, '2025/03/29'),
('csm31', 'ID_00023', 123, 20, 0, '2025/03/29'),
('csm31', 'ID_00023', 144, 20, 0, '2025/03/29'),
('csm31', 'ID_00023', 202, 20, 0, '2025/03/29'),
('csm31', 'ID_00023', 332, 20, 0, '2025/03/29'),
('csm31', 'ID_00023', 434, 20, 0, '2025/03/29'),
('csm31', 'ID_00024', 4, 20, 0, '2025/03/29'),
('csm31', 'ID_00024', 8, 20, 0, '2025/03/29'),
('csm31', 'ID_00024', 9, 20, 0, '2025/03/30'),
('csm31', 'ID_00024', 13, 20, 0, '2025/03/28'),
('csm31', 'ID_00024', 14, 20, 0, '2025/03/29'),
('csm31', 'ID_00024', 20, 20, 0, '2025/03/29'),
('csm31', 'ID_00024', 21, 20, 0, '2025/03/29'),
('csm31', 'ID_00024', 22, 20, 0, '2025/03/29'),
('csm31', 'ID_00024', 23, 20, 0, '2025/03/29'),
('csm31', 'ID_00024', 24, 20, 0, '2025/03/29'),
('csm31', 'ID_00024', 30, 20, 0, '2025/03/29'),
('csm31', 'ID_00024', 33, 20, 0, '2025/03/29'),
('csm31', 'ID_00024', 34, 20, 0, '2025/03/29'),
('csm31', 'ID_00024', 35, 20, 0, '2025/03/29'),
('csm31', 'ID_00024', 55, 20, 0, '2025/03/29'),
('csm31', 'ID_00024', 111, 20, 0, '2025/03/29'),
('csm31', 'ID_00024', 123, 20, 0, '2025/03/29'),
('csm31', 'ID_00024', 144, 20, 0, '2025/03/29'),
('csm31', 'ID_00024', 202, 20, 0, '2025/03/29'),
('csm31', 'ID_00024', 332, 20, 0, '2025/03/29'),
('csm31', 'ID_00024', 434, 20, 0, '2025/03/29'),
('csm31', 'ID_00025', 4, 20, 0, '2025/03/29'),
('csm31', 'ID_00025', 8, 20, 0, '2025/03/29'),
('csm31', 'ID_00025', 9, 20, 0, '2025/03/30'),
('csm31', 'ID_00025', 13, 20, 0, '2025/03/28'),
('csm31', 'ID_00025', 14, 20, 0, '2025/03/29'),
('csm31', 'ID_00025', 20, 20, 0, '2025/03/29'),
('csm31', 'ID_00025', 21, 20, 0, '2025/03/29'),
('csm31', 'ID_00025', 22, 20, 0, '2025/03/29'),
('csm31', 'ID_00025', 23, 20, 0, '2025/03/29'),
('csm31', 'ID_00025', 24, 20, 0, '2025/03/29'),
('csm31', 'ID_00025', 30, 20, 0, '2025/03/29'),
('csm31', 'ID_00025', 33, 20, 1, '2025/03/29'),
('csm31', 'ID_00025', 34, 20, 0, '2025/03/29'),
('csm31', 'ID_00025', 35, 20, 0, '2025/03/29'),
('csm31', 'ID_00025', 55, 20, 0, '2025/03/29'),
('csm31', 'ID_00025', 111, 20, 0, '2025/03/29'),
('csm31', 'ID_00025', 123, 20, 0, '2025/03/29'),
('csm31', 'ID_00025', 144, 20, 0, '2025/03/29'),
('csm31', 'ID_00025', 202, 20, 0, '2025/03/29'),
('csm31', 'ID_00025', 332, 20, 0, '2025/03/29'),
('csm31', 'ID_00025', 434, 20, 0, '2025/03/29'),
('csm31', 'ID_00026', 4, 20, 0, '2025/03/29'),
('csm31', 'ID_00026', 8, 20, 0, '2025/03/29'),
('csm31', 'ID_00026', 9, 20, 0, '2025/03/30'),
('csm31', 'ID_00026', 13, 20, 0, '2025/03/28'),
('csm31', 'ID_00026', 14, 20, 0, '2025/03/29'),
('csm31', 'ID_00026', 20, 20, 0, '2025/03/29'),
('csm31', 'ID_00026', 21, 20, 0, '2025/03/29'),
('csm31', 'ID_00026', 22, 20, 0, '2025/03/29'),
('csm31', 'ID_00026', 23, 20, 0, '2025/03/29'),
('csm31', 'ID_00026', 24, 20, 0, '2025/03/29'),
('csm31', 'ID_00026', 30, 20, 0, '2025/03/29'),
('csm31', 'ID_00026', 33, 20, 0, '2025/03/29'),
('csm31', 'ID_00026', 34, 20, 0, '2025/03/29'),
('csm31', 'ID_00026', 35, 20, 0, '2025/03/29'),
('csm31', 'ID_00026', 55, 20, 0, '2025/03/29'),
('csm31', 'ID_00026', 111, 20, 0, '2025/03/29'),
('csm31', 'ID_00026', 123, 20, 0, '2025/03/29'),
('csm31', 'ID_00026', 144, 20, 0, '2025/03/29'),
('csm31', 'ID_00026', 202, 20, 0, '2025/03/29'),
('csm31', 'ID_00026', 332, 20, 0, '2025/03/29'),
('csm31', 'ID_00026', 434, 20, 0, '2025/03/29'),
('csm31', 'ID_00027', 4, 20, 0, '2025/03/29'),
('csm31', 'ID_00027', 8, 20, 0, '2025/03/29'),
('csm31', 'ID_00027', 9, 20, 0, '2025/03/30'),
('csm31', 'ID_00027', 13, 20, 0, '2025/03/28'),
('csm31', 'ID_00027', 14, 20, 0, '2025/03/29'),
('csm31', 'ID_00027', 20, 20, 0, '2025/03/29'),
('csm31', 'ID_00027', 21, 20, 0, '2025/03/29'),
('csm31', 'ID_00027', 22, 20, 0, '2025/03/29'),
('csm31', 'ID_00027', 23, 20, 0, '2025/03/29'),
('csm31', 'ID_00027', 24, 20, 0, '2025/03/29'),
('csm31', 'ID_00027', 30, 20, 0, '2025/03/29'),
('csm31', 'ID_00027', 33, 20, 0, '2025/03/29'),
('csm31', 'ID_00027', 34, 20, 0, '2025/03/29'),
('csm31', 'ID_00027', 35, 20, 0, '2025/03/29'),
('csm31', 'ID_00027', 55, 20, 0, '2025/03/29'),
('csm31', 'ID_00027', 111, 20, 0, '2025/03/29'),
('csm31', 'ID_00027', 123, 20, 0, '2025/03/29'),
('csm31', 'ID_00027', 144, 20, 0, '2025/03/29'),
('csm31', 'ID_00027', 202, 20, 0, '2025/03/29'),
('csm31', 'ID_00027', 332, 20, 0, '2025/03/29'),
('csm31', 'ID_00027', 434, 20, 0, '2025/03/29'),
('csm31', 'ID_00028', 4, 20, 0, '2025/03/29'),
('csm31', 'ID_00028', 8, 20, 0, '2025/03/29'),
('csm31', 'ID_00028', 9, 20, 0, '2025/03/30'),
('csm31', 'ID_00028', 13, 20, 0, '2025/03/28'),
('csm31', 'ID_00028', 14, 20, 0, '2025/03/29'),
('csm31', 'ID_00028', 20, 20, 0, '2025/03/29'),
('csm31', 'ID_00028', 21, 20, 0, '2025/03/29'),
('csm31', 'ID_00028', 22, 20, 0, '2025/03/29'),
('csm31', 'ID_00028', 23, 20, 0, '2025/03/29'),
('csm31', 'ID_00028', 24, 20, 0, '2025/03/29'),
('csm31', 'ID_00028', 30, 20, 0, '2025/03/29'),
('csm31', 'ID_00028', 33, 20, 0, '2025/03/29'),
('csm31', 'ID_00028', 34, 20, 0, '2025/03/29'),
('csm31', 'ID_00028', 35, 20, 0, '2025/03/29'),
('csm31', 'ID_00028', 55, 20, 0, '2025/03/29'),
('csm31', 'ID_00028', 111, 20, 0, '2025/03/29'),
('csm31', 'ID_00028', 123, 20, 0, '2025/03/29'),
('csm31', 'ID_00028', 144, 20, 0, '2025/03/29'),
('csm31', 'ID_00028', 202, 20, 0, '2025/03/29'),
('csm31', 'ID_00028', 332, 20, 0, '2025/03/29'),
('csm31', 'ID_00028', 434, 20, 0, '2025/03/29'),
('csm31', 'ID_00029', 4, 20, 0, '2025/03/29'),
('csm31', 'ID_00029', 8, 20, 0, '2025/03/29'),
('csm31', 'ID_00029', 9, 20, 0, '2025/03/30'),
('csm31', 'ID_00029', 13, 20, 0, '2025/03/28'),
('csm31', 'ID_00029', 14, 20, 0, '2025/03/29'),
('csm31', 'ID_00029', 20, 20, 0, '2025/03/29'),
('csm31', 'ID_00029', 21, 20, 0, '2025/03/29'),
('csm31', 'ID_00029', 22, 20, 0, '2025/03/29'),
('csm31', 'ID_00029', 23, 20, 0, '2025/03/29'),
('csm31', 'ID_00029', 24, 20, 0, '2025/03/29'),
('csm31', 'ID_00029', 30, 20, 0, '2025/03/29'),
('csm31', 'ID_00029', 33, 20, 0, '2025/03/29'),
('csm31', 'ID_00029', 34, 20, 0, '2025/03/29'),
('csm31', 'ID_00029', 35, 20, 0, '2025/03/29'),
('csm31', 'ID_00029', 55, 20, 0, '2025/03/29'),
('csm31', 'ID_00029', 111, 20, 0, '2025/03/29'),
('csm31', 'ID_00029', 123, 20, 0, '2025/03/29'),
('csm31', 'ID_00029', 144, 20, 0, '2025/03/29'),
('csm31', 'ID_00029', 202, 20, 0, '2025/03/29'),
('csm31', 'ID_00029', 332, 20, 0, '2025/03/29'),
('csm31', 'ID_00029', 434, 20, 0, '2025/03/29'),
('csm31', 'ID_00030', 4, 20, 0, '2025/03/29'),
('csm31', 'ID_00030', 8, 20, 0, '2025/03/29'),
('csm31', 'ID_00030', 9, 20, 0, '2025/03/30'),
('csm31', 'ID_00030', 13, 20, 0, '2025/03/28'),
('csm31', 'ID_00030', 14, 20, 0, '2025/03/29'),
('csm31', 'ID_00030', 20, 20, 0, '2025/03/29'),
('csm31', 'ID_00030', 21, 20, 0, '2025/03/29'),
('csm31', 'ID_00030', 22, 20, 0, '2025/03/29'),
('csm31', 'ID_00030', 23, 20, 1, '2025/03/29'),
('csm31', 'ID_00030', 24, 20, 0, '2025/03/29'),
('csm31', 'ID_00030', 30, 20, 0, '2025/03/29'),
('csm31', 'ID_00030', 33, 20, 1, '2025/03/29'),
('csm31', 'ID_00030', 34, 20, 1, '2025/03/29'),
('csm31', 'ID_00030', 35, 20, 0, '2025/03/29'),
('csm31', 'ID_00030', 55, 20, 0, '2025/03/29'),
('csm31', 'ID_00030', 111, 20, 1, '2025/03/29'),
('csm31', 'ID_00030', 123, 20, 0, '2025/03/29'),
('csm31', 'ID_00030', 144, 20, 0, '2025/03/29'),
('csm31', 'ID_00030', 202, 20, 0, '2025/03/29'),
('csm31', 'ID_00030', 332, 20, 0, '2025/03/29'),
('csm31', 'ID_00030', 434, 20, 0, '2025/03/29'),
('csm31', 'ID_00031', 4, 20, 0, '2025/03/29'),
('csm31', 'ID_00031', 8, 20, 0, '2025/03/29'),
('csm31', 'ID_00031', 9, 20, 0, '2025/03/30'),
('csm31', 'ID_00031', 13, 20, 0, '2025/03/28'),
('csm31', 'ID_00031', 14, 20, 0, '2025/03/29'),
('csm31', 'ID_00031', 20, 20, 0, '2025/03/29'),
('csm31', 'ID_00031', 21, 20, 0, '2025/03/29'),
('csm31', 'ID_00031', 22, 20, 0, '2025/03/29'),
('csm31', 'ID_00031', 23, 20, 0, '2025/03/29'),
('csm31', 'ID_00031', 24, 20, 0, '2025/03/29'),
('csm31', 'ID_00031', 30, 20, 0, '2025/03/29'),
('csm31', 'ID_00031', 33, 20, 0, '2025/03/29'),
('csm31', 'ID_00031', 34, 20, 0, '2025/03/29'),
('csm31', 'ID_00031', 35, 20, 0, '2025/03/29'),
('csm31', 'ID_00031', 55, 20, 0, '2025/03/29'),
('csm31', 'ID_00031', 111, 20, 0, '2025/03/29'),
('csm31', 'ID_00031', 123, 20, 0, '2025/03/29'),
('csm31', 'ID_00031', 144, 20, 0, '2025/03/29'),
('csm31', 'ID_00031', 202, 20, 0, '2025/03/29'),
('csm31', 'ID_00031', 332, 20, 0, '2025/03/29'),
('csm31', 'ID_00031', 434, 20, 0, '2025/03/29'),
('csm31', 'ID_00032', 4, 20, 0, '2025/03/29'),
('csm31', 'ID_00032', 8, 20, 0, '2025/03/29'),
('csm31', 'ID_00032', 9, 20, 0, '2025/03/30'),
('csm31', 'ID_00032', 13, 20, 0, '2025/03/28'),
('csm31', 'ID_00032', 14, 20, 0, '2025/03/29'),
('csm31', 'ID_00032', 20, 20, 0, '2025/03/29'),
('csm31', 'ID_00032', 21, 20, 0, '2025/03/29'),
('csm31', 'ID_00032', 22, 20, 0, '2025/03/29'),
('csm31', 'ID_00032', 23, 20, 0, '2025/03/29'),
('csm31', 'ID_00032', 24, 20, 0, '2025/03/29'),
('csm31', 'ID_00032', 30, 20, 0, '2025/03/29'),
('csm31', 'ID_00032', 33, 20, 0, '2025/03/29'),
('csm31', 'ID_00032', 34, 20, 0, '2025/03/29'),
('csm31', 'ID_00032', 35, 20, 0, '2025/03/29'),
('csm31', 'ID_00032', 55, 20, 0, '2025/03/29'),
('csm31', 'ID_00032', 111, 20, 0, '2025/03/29'),
('csm31', 'ID_00032', 123, 20, 0, '2025/03/29'),
('csm31', 'ID_00032', 144, 20, 0, '2025/03/29'),
('csm31', 'ID_00032', 202, 20, 0, '2025/03/29'),
('csm31', 'ID_00032', 332, 20, 0, '2025/03/29'),
('csm31', 'ID_00032', 434, 20, 0, '2025/03/29'),
('csm31', 'ID_00033', 4, 20, 0, '2025/03/29'),
('csm31', 'ID_00033', 8, 20, 0, '2025/03/29'),
('csm31', 'ID_00033', 9, 20, 0, '2025/03/30'),
('csm31', 'ID_00033', 13, 20, 0, '2025/03/28'),
('csm31', 'ID_00033', 14, 20, 0, '2025/03/29'),
('csm31', 'ID_00033', 20, 20, 0, '2025/03/29'),
('csm31', 'ID_00033', 21, 20, 0, '2025/03/29'),
('csm31', 'ID_00033', 22, 20, 0, '2025/03/29'),
('csm31', 'ID_00033', 23, 20, 0, '2025/03/29'),
('csm31', 'ID_00033', 24, 20, 0, '2025/03/29'),
('csm31', 'ID_00033', 30, 20, 0, '2025/03/29'),
('csm31', 'ID_00033', 33, 20, 0, '2025/03/29'),
('csm31', 'ID_00033', 34, 20, 0, '2025/03/29'),
('csm31', 'ID_00033', 35, 20, 0, '2025/03/29'),
('csm31', 'ID_00033', 55, 20, 0, '2025/03/29'),
('csm31', 'ID_00033', 111, 20, 0, '2025/03/29'),
('csm31', 'ID_00033', 123, 20, 0, '2025/03/29'),
('csm31', 'ID_00033', 144, 20, 0, '2025/03/29'),
('csm31', 'ID_00033', 202, 20, 0, '2025/03/29'),
('csm31', 'ID_00033', 332, 20, 0, '2025/03/29'),
('csm31', 'ID_00033', 434, 20, 0, '2025/03/29'),
('csm31', 'ID_00034', 4, 20, 0, '2025/03/29'),
('csm31', 'ID_00034', 8, 20, 0, '2025/03/29'),
('csm31', 'ID_00034', 9, 20, 0, '2025/03/30'),
('csm31', 'ID_00034', 13, 20, 0, '2025/03/28'),
('csm31', 'ID_00034', 14, 20, 0, '2025/03/29'),
('csm31', 'ID_00034', 20, 20, 0, '2025/03/29'),
('csm31', 'ID_00034', 21, 20, 0, '2025/03/29'),
('csm31', 'ID_00034', 22, 20, 0, '2025/03/29'),
('csm31', 'ID_00034', 23, 20, 0, '2025/03/29'),
('csm31', 'ID_00034', 24, 20, 0, '2025/03/29'),
('csm31', 'ID_00034', 30, 20, 0, '2025/03/29'),
('csm31', 'ID_00034', 33, 20, 0, '2025/03/29'),
('csm31', 'ID_00034', 34, 20, 0, '2025/03/29'),
('csm31', 'ID_00034', 35, 20, 0, '2025/03/29'),
('csm31', 'ID_00034', 55, 20, 0, '2025/03/29'),
('csm31', 'ID_00034', 111, 20, 0, '2025/03/29'),
('csm31', 'ID_00034', 123, 20, 0, '2025/03/29'),
('csm31', 'ID_00034', 144, 20, 0, '2025/03/29'),
('csm31', 'ID_00034', 202, 20, 0, '2025/03/29'),
('csm31', 'ID_00034', 332, 20, 0, '2025/03/29'),
('csm31', 'ID_00034', 434, 20, 0, '2025/03/29'),
('csm31', 'ID_00035', 4, 20, 0, '2025/03/29'),
('csm31', 'ID_00035', 8, 20, 0, '2025/03/29'),
('csm31', 'ID_00035', 9, 20, 0, '2025/03/30'),
('csm31', 'ID_00035', 13, 20, 0, '2025/03/28'),
('csm31', 'ID_00035', 14, 20, 0, '2025/03/29'),
('csm31', 'ID_00035', 20, 20, 0, '2025/03/29'),
('csm31', 'ID_00035', 21, 20, 0, '2025/03/29'),
('csm31', 'ID_00035', 22, 20, 0, '2025/03/29'),
('csm31', 'ID_00035', 23, 20, 0, '2025/03/29'),
('csm31', 'ID_00035', 24, 20, 0, '2025/03/29'),
('csm31', 'ID_00035', 30, 20, 0, '2025/03/29'),
('csm31', 'ID_00035', 33, 20, 0, '2025/03/29'),
('csm31', 'ID_00035', 34, 20, 0, '2025/03/29'),
('csm31', 'ID_00035', 35, 20, 0, '2025/03/29'),
('csm31', 'ID_00035', 55, 20, 0, '2025/03/29'),
('csm31', 'ID_00035', 111, 20, 0, '2025/03/29'),
('csm31', 'ID_00035', 123, 20, 0, '2025/03/29'),
('csm31', 'ID_00035', 144, 20, 0, '2025/03/29'),
('csm31', 'ID_00035', 202, 20, 0, '2025/03/29'),
('csm31', 'ID_00035', 332, 20, 0, '2025/03/29'),
('csm31', 'ID_00035', 434, 20, 0, '2025/03/29'),
('csm31', 'ID_00036', 4, 20, 1, '2025/03/29'),
('csm31', 'ID_00036', 8, 20, 1, '2025/03/29'),
('csm31', 'ID_00036', 9, 20, 0, '2025/03/30'),
('csm31', 'ID_00036', 13, 20, 1, '2025/03/28'),
('csm31', 'ID_00036', 14, 20, 0, '2025/03/29'),
('csm31', 'ID_00036', 20, 20, 0, '2025/03/29'),
('csm31', 'ID_00036', 21, 20, 0, '2025/03/29'),
('csm31', 'ID_00036', 22, 20, 0, '2025/03/29'),
('csm31', 'ID_00036', 23, 20, 0, '2025/03/29'),
('csm31', 'ID_00036', 24, 20, 0, '2025/03/29'),
('csm31', 'ID_00036', 30, 20, 1, '2025/03/29'),
('csm31', 'ID_00036', 33, 20, 0, '2025/03/29'),
('csm31', 'ID_00036', 34, 20, 1, '2025/03/29'),
('csm31', 'ID_00036', 35, 20, 0, '2025/03/29'),
('csm31', 'ID_00036', 55, 20, 1, '2025/03/29'),
('csm31', 'ID_00036', 111, 20, 0, '2025/03/29'),
('csm31', 'ID_00036', 123, 20, 0, '2025/03/29'),
('csm31', 'ID_00036', 144, 20, 1, '2025/03/29'),
('csm31', 'ID_00036', 202, 20, 0, '2025/03/29'),
('csm31', 'ID_00036', 332, 20, 1, '2025/03/29'),
('csm31', 'ID_00036', 434, 20, 1, '2025/03/29'),
('csm31', 'ID_00037', 4, 20, 0, '2025/03/29'),
('csm31', 'ID_00037', 8, 20, 0, '2025/03/29'),
('csm31', 'ID_00037', 9, 20, 0, '2025/03/30'),
('csm31', 'ID_00037', 13, 20, 0, '2025/03/28'),
('csm31', 'ID_00037', 14, 20, 0, '2025/03/29'),
('csm31', 'ID_00037', 20, 20, 0, '2025/03/29'),
('csm31', 'ID_00037', 21, 20, 0, '2025/03/29'),
('csm31', 'ID_00037', 22, 20, 0, '2025/03/29'),
('csm31', 'ID_00037', 23, 20, 0, '2025/03/29'),
('csm31', 'ID_00037', 24, 20, 0, '2025/03/29'),
('csm31', 'ID_00037', 30, 20, 0, '2025/03/29'),
('csm31', 'ID_00037', 33, 20, 0, '2025/03/29'),
('csm31', 'ID_00037', 34, 20, 0, '2025/03/29'),
('csm31', 'ID_00037', 35, 20, 0, '2025/03/29'),
('csm31', 'ID_00037', 55, 20, 0, '2025/03/29'),
('csm31', 'ID_00037', 111, 20, 0, '2025/03/29'),
('csm31', 'ID_00037', 123, 20, 0, '2025/03/29'),
('csm31', 'ID_00037', 144, 20, 0, '2025/03/29'),
('csm31', 'ID_00037', 202, 20, 0, '2025/03/29'),
('csm31', 'ID_00037', 332, 20, 0, '2025/03/29'),
('csm31', 'ID_00037', 434, 20, 0, '2025/03/29'),
('csm31', 'ID_00038', 4, 20, 0, '2025/03/29'),
('csm31', 'ID_00038', 8, 20, 0, '2025/03/29'),
('csm31', 'ID_00038', 9, 20, 0, '2025/03/30'),
('csm31', 'ID_00038', 13, 20, 0, '2025/03/28'),
('csm31', 'ID_00038', 14, 20, 0, '2025/03/29'),
('csm31', 'ID_00038', 20, 20, 0, '2025/03/29'),
('csm31', 'ID_00038', 21, 20, 1, '2025/03/29'),
('csm31', 'ID_00038', 22, 20, 0, '2025/03/29'),
('csm31', 'ID_00038', 23, 20, 0, '2025/03/29'),
('csm31', 'ID_00038', 24, 20, 0, '2025/03/29'),
('csm31', 'ID_00038', 30, 20, 0, '2025/03/29'),
('csm31', 'ID_00038', 33, 20, 0, '2025/03/29'),
('csm31', 'ID_00038', 34, 20, 0, '2025/03/29'),
('csm31', 'ID_00038', 35, 20, 0, '2025/03/29'),
('csm31', 'ID_00038', 55, 20, 0, '2025/03/29'),
('csm31', 'ID_00038', 111, 20, 0, '2025/03/29'),
('csm31', 'ID_00038', 123, 20, 0, '2025/03/29'),
('csm31', 'ID_00038', 144, 20, 0, '2025/03/29'),
('csm31', 'ID_00038', 202, 20, 0, '2025/03/29'),
('csm31', 'ID_00038', 332, 20, 0, '2025/03/29'),
('csm31', 'ID_00038', 434, 20, 0, '2025/03/29'),
('csm31', 'ID_00039', 4, 20, 0, '2025/03/29'),
('csm31', 'ID_00039', 8, 20, 0, '2025/03/29'),
('csm31', 'ID_00039', 9, 20, 0, '2025/03/30'),
('csm31', 'ID_00039', 13, 20, 1, '2025/03/28'),
('csm31', 'ID_00039', 14, 20, 0, '2025/03/29'),
('csm31', 'ID_00039', 20, 20, 0, '2025/03/29'),
('csm31', 'ID_00039', 21, 20, 0, '2025/03/29'),
('csm31', 'ID_00039', 22, 20, 0, '2025/03/29'),
('csm31', 'ID_00039', 23, 20, 0, '2025/03/29'),
('csm31', 'ID_00039', 24, 20, 0, '2025/03/29'),
('csm31', 'ID_00039', 30, 20, 0, '2025/03/29'),
('csm31', 'ID_00039', 33, 20, 0, '2025/03/29'),
('csm31', 'ID_00039', 34, 20, 0, '2025/03/29'),
('csm31', 'ID_00039', 35, 20, 0, '2025/03/29'),
('csm31', 'ID_00039', 55, 20, 0, '2025/03/29'),
('csm31', 'ID_00039', 111, 20, 0, '2025/03/29'),
('csm31', 'ID_00039', 123, 20, 0, '2025/03/29'),
('csm31', 'ID_00039', 144, 20, 0, '2025/03/29'),
('csm31', 'ID_00039', 202, 20, 0, '2025/03/29'),
('csm31', 'ID_00039', 332, 20, 0, '2025/03/29'),
('csm31', 'ID_00039', 434, 20, 0, '2025/03/29'),
('csm31', 'ID_00040', 4, 20, 0, '2025/03/29'),
('csm31', 'ID_00040', 8, 20, 0, '2025/03/29'),
('csm31', 'ID_00040', 9, 20, 1, '2025/03/30'),
('csm31', 'ID_00040', 13, 20, 0, '2025/03/28'),
('csm31', 'ID_00040', 14, 20, 0, '2025/03/29'),
('csm31', 'ID_00040', 20, 20, 0, '2025/03/29'),
('csm31', 'ID_00040', 21, 20, 0, '2025/03/29'),
('csm31', 'ID_00040', 22, 20, 0, '2025/03/29'),
('csm31', 'ID_00040', 23, 20, 0, '2025/03/29'),
('csm31', 'ID_00040', 24, 20, 0, '2025/03/29'),
('csm31', 'ID_00040', 30, 20, 0, '2025/03/29'),
('csm31', 'ID_00040', 33, 20, 0, '2025/03/29'),
('csm31', 'ID_00040', 34, 20, 0, '2025/03/29'),
('csm31', 'ID_00040', 35, 20, 0, '2025/03/29'),
('csm31', 'ID_00040', 55, 20, 0, '2025/03/29'),
('csm31', 'ID_00040', 111, 20, 1, '2025/03/29'),
('csm31', 'ID_00040', 123, 20, 0, '2025/03/29'),
('csm31', 'ID_00040', 144, 20, 0, '2025/03/29'),
('csm31', 'ID_00040', 202, 20, 0, '2025/03/29'),
('csm31', 'ID_00040', 332, 20, 0, '2025/03/29'),
('csm31', 'ID_00040', 434, 20, 0, '2025/03/29'),
('csm31', 'ID_00041', 4, 20, 0, '2025/03/29'),
('csm31', 'ID_00041', 8, 20, 0, '2025/03/29'),
('csm31', 'ID_00041', 9, 20, 0, '2025/03/30'),
('csm31', 'ID_00041', 13, 20, 0, '2025/03/28'),
('csm31', 'ID_00041', 14, 20, 1, '2025/03/29'),
('csm31', 'ID_00041', 20, 20, 1, '2025/03/29'),
('csm31', 'ID_00041', 21, 20, 1, '2025/03/29'),
('csm31', 'ID_00041', 22, 20, 1, '2025/03/29'),
('csm31', 'ID_00041', 23, 20, 0, '2025/03/29'),
('csm31', 'ID_00041', 24, 20, 0, '2025/03/29'),
('csm31', 'ID_00041', 30, 20, 0, '2025/03/29'),
('csm31', 'ID_00041', 33, 20, 0, '2025/03/29'),
('csm31', 'ID_00041', 34, 20, 0, '2025/03/29'),
('csm31', 'ID_00041', 35, 20, 0, '2025/03/29'),
('csm31', 'ID_00041', 55, 20, 0, '2025/03/29'),
('csm31', 'ID_00041', 111, 20, 0, '2025/03/29'),
('csm31', 'ID_00041', 123, 20, 0, '2025/03/29'),
('csm31', 'ID_00041', 144, 20, 0, '2025/03/29'),
('csm31', 'ID_00041', 202, 20, 0, '2025/03/29'),
('csm31', 'ID_00041', 332, 20, 0, '2025/03/29'),
('csm31', 'ID_00041', 434, 20, 0, '2025/03/29'),
('csm31', 'ID_00042', 4, 20, 0, '2025/03/29'),
('csm31', 'ID_00042', 8, 20, 0, '2025/03/29'),
('csm31', 'ID_00042', 9, 20, 0, '2025/03/30'),
('csm31', 'ID_00042', 13, 20, 0, '2025/03/28'),
('csm31', 'ID_00042', 14, 20, 0, '2025/03/29'),
('csm31', 'ID_00042', 20, 20, 0, '2025/03/29'),
('csm31', 'ID_00042', 21, 20, 0, '2025/03/29'),
('csm31', 'ID_00042', 22, 20, 0, '2025/03/29'),
('csm31', 'ID_00042', 23, 20, 0, '2025/03/29'),
('csm31', 'ID_00042', 24, 20, 0, '2025/03/29'),
('csm31', 'ID_00042', 30, 20, 0, '2025/03/29'),
('csm31', 'ID_00042', 33, 20, 0, '2025/03/29'),
('csm31', 'ID_00042', 34, 20, 0, '2025/03/29'),
('csm31', 'ID_00042', 35, 20, 0, '2025/03/29'),
('csm31', 'ID_00042', 55, 20, 0, '2025/03/29'),
('csm31', 'ID_00042', 111, 20, 0, '2025/03/29'),
('csm31', 'ID_00042', 123, 20, 0, '2025/03/29'),
('csm31', 'ID_00042', 144, 20, 0, '2025/03/29'),
('csm31', 'ID_00042', 202, 20, 0, '2025/03/29'),
('csm31', 'ID_00042', 332, 20, 0, '2025/03/29'),
('csm31', 'ID_00042', 434, 20, 0, '2025/03/29'),
('csm31', 'ID_00043', 4, 20, 0, '2025/03/29'),
('csm31', 'ID_00043', 8, 20, 0, '2025/03/29'),
('csm31', 'ID_00043', 9, 20, 0, '2025/03/30'),
('csm31', 'ID_00043', 13, 20, 1, '2025/03/28'),
('csm31', 'ID_00043', 14, 20, 0, '2025/03/29'),
('csm31', 'ID_00043', 20, 20, 0, '2025/03/29'),
('csm31', 'ID_00043', 21, 20, 0, '2025/03/29'),
('csm31', 'ID_00043', 22, 20, 0, '2025/03/29'),
('csm31', 'ID_00043', 23, 20, 0, '2025/03/29'),
('csm31', 'ID_00043', 24, 20, 0, '2025/03/29'),
('csm31', 'ID_00043', 30, 20, 0, '2025/03/29'),
('csm31', 'ID_00043', 33, 20, 0, '2025/03/29'),
('csm31', 'ID_00043', 34, 20, 0, '2025/03/29'),
('csm31', 'ID_00043', 35, 20, 0, '2025/03/29'),
('csm31', 'ID_00043', 55, 20, 1, '2025/03/29'),
('csm31', 'ID_00043', 111, 20, 0, '2025/03/29'),
('csm31', 'ID_00043', 123, 20, 0, '2025/03/29'),
('csm31', 'ID_00043', 144, 20, 0, '2025/03/29'),
('csm31', 'ID_00043', 202, 20, 0, '2025/03/29'),
('csm31', 'ID_00043', 332, 20, 0, '2025/03/29'),
('csm31', 'ID_00043', 434, 20, 0, '2025/03/29'),
('csm31', 'ID_00045', 4, 20, 0, '2025/03/29'),
('csm31', 'ID_00045', 8, 20, 0, '2025/03/29'),
('csm31', 'ID_00045', 9, 20, 0, '2025/03/30'),
('csm31', 'ID_00045', 13, 20, 0, '2025/03/28'),
('csm31', 'ID_00045', 14, 20, 0, '2025/03/29'),
('csm31', 'ID_00045', 20, 20, 0, '2025/03/29'),
('csm31', 'ID_00045', 21, 20, 0, '2025/03/29'),
('csm31', 'ID_00045', 22, 20, 0, '2025/03/29'),
('csm31', 'ID_00045', 23, 20, 0, '2025/03/29'),
('csm31', 'ID_00045', 24, 20, 0, '2025/03/29'),
('csm31', 'ID_00045', 30, 20, 0, '2025/03/29'),
('csm31', 'ID_00045', 33, 20, 0, '2025/03/29'),
('csm31', 'ID_00045', 34, 20, 0, '2025/03/29'),
('csm31', 'ID_00045', 35, 20, 0, '2025/03/29'),
('csm31', 'ID_00045', 55, 20, 0, '2025/03/29'),
('csm31', 'ID_00045', 111, 20, 0, '2025/03/29'),
('csm31', 'ID_00045', 123, 20, 0, '2025/03/29'),
('csm31', 'ID_00045', 144, 20, 0, '2025/03/29'),
('csm31', 'ID_00045', 202, 20, 0, '2025/03/29'),
('csm31', 'ID_00045', 332, 20, 0, '2025/03/29'),
('csm31', 'ID_00045', 434, 20, 0, '2025/03/29'),
('csm31', 'ID_00046', 4, 20, 0, '2025/03/29'),
('csm31', 'ID_00046', 8, 20, 0, '2025/03/29'),
('csm31', 'ID_00046', 9, 20, 0, '2025/03/30'),
('csm31', 'ID_00046', 13, 20, 0, '2025/03/28'),
('csm31', 'ID_00046', 14, 20, 0, '2025/03/29'),
('csm31', 'ID_00046', 20, 20, 0, '2025/03/29'),
('csm31', 'ID_00046', 21, 20, 0, '2025/03/29'),
('csm31', 'ID_00046', 22, 20, 0, '2025/03/29'),
('csm31', 'ID_00046', 23, 20, 0, '2025/03/29'),
('csm31', 'ID_00046', 24, 20, 0, '2025/03/29'),
('csm31', 'ID_00046', 30, 20, 0, '2025/03/29'),
('csm31', 'ID_00046', 33, 20, 0, '2025/03/29'),
('csm31', 'ID_00046', 34, 20, 0, '2025/03/29'),
('csm31', 'ID_00046', 35, 20, 0, '2025/03/29'),
('csm31', 'ID_00046', 55, 20, 0, '2025/03/29'),
('csm31', 'ID_00046', 111, 20, 0, '2025/03/29'),
('csm31', 'ID_00046', 123, 20, 0, '2025/03/29'),
('csm31', 'ID_00046', 144, 20, 0, '2025/03/29'),
('csm31', 'ID_00046', 202, 20, 0, '2025/03/29'),
('csm31', 'ID_00046', 332, 20, 0, '2025/03/29'),
('csm31', 'ID_00046', 434, 20, 0, '2025/03/29'),
('csm31', 'ID_00047', 4, 20, 0, '2025/03/29'),
('csm31', 'ID_00047', 8, 20, 1, '2025/03/29'),
('csm31', 'ID_00047', 9, 20, 0, '2025/03/30'),
('csm31', 'ID_00047', 13, 20, 0, '2025/03/28'),
('csm31', 'ID_00047', 14, 20, 0, '2025/03/29'),
('csm31', 'ID_00047', 20, 20, 1, '2025/03/29'),
('csm31', 'ID_00047', 21, 20, 0, '2025/03/29'),
('csm31', 'ID_00047', 22, 20, 0, '2025/03/29'),
('csm31', 'ID_00047', 23, 20, 0, '2025/03/29'),
('csm31', 'ID_00047', 24, 20, 0, '2025/03/29'),
('csm31', 'ID_00047', 30, 20, 0, '2025/03/29'),
('csm31', 'ID_00047', 33, 20, 0, '2025/03/29'),
('csm31', 'ID_00047', 34, 20, 0, '2025/03/29'),
('csm31', 'ID_00047', 35, 20, 0, '2025/03/29'),
('csm31', 'ID_00047', 55, 20, 0, '2025/03/29'),
('csm31', 'ID_00047', 111, 20, 0, '2025/03/29'),
('csm31', 'ID_00047', 123, 20, 0, '2025/03/29'),
('csm31', 'ID_00047', 144, 20, 0, '2025/03/29'),
('csm31', 'ID_00047', 202, 20, 0, '2025/03/29'),
('csm31', 'ID_00047', 332, 20, 0, '2025/03/29'),
('csm31', 'ID_00047', 434, 20, 0, '2025/03/29'),
('csm31', 'ID_00048', 4, 20, 0, '2025/03/29'),
('csm31', 'ID_00048', 8, 20, 0, '2025/03/29'),
('csm31', 'ID_00048', 9, 20, 0, '2025/03/30'),
('csm31', 'ID_00048', 13, 20, 0, '2025/03/28'),
('csm31', 'ID_00048', 14, 20, 0, '2025/03/29'),
('csm31', 'ID_00048', 20, 20, 0, '2025/03/29'),
('csm31', 'ID_00048', 21, 20, 0, '2025/03/29'),
('csm31', 'ID_00048', 22, 20, 0, '2025/03/29'),
('csm31', 'ID_00048', 23, 20, 1, '2025/03/29'),
('csm31', 'ID_00048', 24, 20, 0, '2025/03/29'),
('csm31', 'ID_00048', 30, 20, 0, '2025/03/29'),
('csm31', 'ID_00048', 33, 20, 0, '2025/03/29'),
('csm31', 'ID_00048', 34, 20, 0, '2025/03/29'),
('csm31', 'ID_00048', 35, 20, 1, '2025/03/29'),
('csm31', 'ID_00048', 55, 20, 0, '2025/03/29'),
('csm31', 'ID_00048', 111, 20, 0, '2025/03/29'),
('csm31', 'ID_00048', 123, 20, 0, '2025/03/29'),
('csm31', 'ID_00048', 144, 20, 0, '2025/03/29'),
('csm31', 'ID_00048', 202, 20, 0, '2025/03/29'),
('csm31', 'ID_00048', 332, 20, 0, '2025/03/29'),
('csm31', 'ID_00048', 434, 20, 1, '2025/03/29'),
('csm31', 'ID_00049', 4, 20, 0, '2025/03/29'),
('csm31', 'ID_00049', 8, 20, 0, '2025/03/29'),
('csm31', 'ID_00049', 9, 20, 1, '2025/03/30'),
('csm31', 'ID_00049', 13, 20, 0, '2025/03/28'),
('csm31', 'ID_00049', 14, 20, 0, '2025/03/29'),
('csm31', 'ID_00049', 20, 20, 0, '2025/03/29'),
('csm31', 'ID_00049', 21, 20, 0, '2025/03/29'),
('csm31', 'ID_00049', 22, 20, 1, '2025/03/29'),
('csm31', 'ID_00049', 23, 20, 0, '2025/03/29'),
('csm31', 'ID_00049', 24, 20, 0, '2025/03/29'),
('csm31', 'ID_00049', 30, 20, 0, '2025/03/29'),
('csm31', 'ID_00049', 33, 20, 0, '2025/03/29'),
('csm31', 'ID_00049', 34, 20, 0, '2025/03/29'),
('csm31', 'ID_00049', 35, 20, 0, '2025/03/29'),
('csm31', 'ID_00049', 55, 20, 0, '2025/03/29'),
('csm31', 'ID_00049', 111, 20, 0, '2025/03/29'),
('csm31', 'ID_00049', 123, 20, 0, '2025/03/29'),
('csm31', 'ID_00049', 144, 20, 0, '2025/03/29'),
('csm31', 'ID_00049', 202, 20, 0, '2025/03/29'),
('csm31', 'ID_00049', 332, 20, 0, '2025/03/29'),
('csm31', 'ID_00049', 434, 20, 1, '2025/03/29'),
('csm31', 'ID_00050', 4, 20, 0, '2025/03/29'),
('csm31', 'ID_00050', 8, 20, 0, '2025/03/29'),
('csm31', 'ID_00050', 9, 20, 1, '2025/03/30'),
('csm31', 'ID_00050', 13, 20, 0, '2025/03/28'),
('csm31', 'ID_00050', 14, 20, 0, '2025/03/29'),
('csm31', 'ID_00050', 20, 20, 0, '2025/03/29'),
('csm31', 'ID_00050', 21, 20, 0, '2025/03/29'),
('csm31', 'ID_00050', 22, 20, 0, '2025/03/29'),
('csm31', 'ID_00050', 23, 20, 0, '2025/03/29'),
('csm31', 'ID_00050', 24, 20, 0, '2025/03/29'),
('csm31', 'ID_00050', 30, 20, 0, '2025/03/29'),
('csm31', 'ID_00050', 33, 20, 0, '2025/03/29'),
('csm31', 'ID_00050', 34, 20, 0, '2025/03/29'),
('csm31', 'ID_00050', 35, 20, 0, '2025/03/29'),
('csm31', 'ID_00050', 55, 20, 0, '2025/03/29'),
('csm31', 'ID_00050', 111, 20, 0, '2025/03/29'),
('csm31', 'ID_00050', 123, 20, 0, '2025/03/29'),
('csm31', 'ID_00050', 144, 20, 0, '2025/03/29'),
('csm31', 'ID_00050', 202, 20, 0, '2025/03/29'),
('csm31', 'ID_00050', 332, 20, 0, '2025/03/29'),
('csm31', 'ID_00050', 434, 20, 0, '2025/03/29'),
('csm31', 'ss', 3, 20, 1, '2025/03/25'),
('csm31', 'ss', 4, 20, 0, '2025/03/29'),
('csm31', 'ss', 8, 20, 0, '2025/03/29'),
('csm31', 'ss', 9, 20, 0, '2025/03/30'),
('csm31', 'ss', 12, 20, 0, '2025/03/28'),
('csm31', 'ss', 13, 20, 0, '2025/03/28'),
('csm31', 'ss', 14, 20, 0, '2025/03/29'),
('csm31', 'ss', 20, 20, 0, '2025/03/29'),
('csm31', 'ss', 21, 20, 0, '2025/03/29'),
('csm31', 'ss', 22, 20, 0, '2025/03/29'),
('csm31', 'ss', 23, 20, 0, '2025/03/29'),
('csm31', 'ss', 24, 20, 0, '2025/03/29'),
('csm31', 'ss', 30, 20, 0, '2025/03/29'),
('csm31', 'ss', 33, 20, 0, '2025/03/29'),
('csm31', 'ss', 34, 20, 0, '2025/03/29'),
('csm31', 'ss', 35, 20, 0, '2025/03/29'),
('csm31', 'ss', 55, 20, 0, '2025/03/29'),
('csm31', 'ss', 111, 20, 0, '2025/03/29'),
('csm31', 'ss', 123, 20, 0, '2025/03/29'),
('csm31', 'ss', 144, 20, 0, '2025/03/29'),
('csm31', 'ss', 202, 20, 0, '2025/03/29'),
('csm31', 'ss', 332, 20, 0, '2025/03/29'),
('csm31', 'ss', 434, 20, 0, '2025/03/29'),
('csm31', 'std', 3, 20, 1, '2025/03/25'),
('mtm123', '1', 2, 20, 1, '2025/03/27'),
('mtm123', '1', 5, 20, 1, '2025/03/25'),
('mtm123', 'ss', 1, 20, 0, '2025/03/25'),
('mtm123', 'ss', 2, 20, 0, '2025/03/27'),
('mtm123', 'ss', 5, 20, 1, '2025/03/25');

-- --------------------------------------------------------

--
-- Table structure for table `bg`
--

CREATE TABLE `bg` (
  `bg_no` int(2) NOT NULL,
  `fac` varchar(30) NOT NULL,
  `bg_status` varchar(10) NOT NULL,
  `onging_sem` varchar(25) NOT NULL
) ENGINE=InnoDB DEFAULT CHARSET=utf8mb4 COLLATE=utf8mb4_general_ci;

--
-- Dumping data for table `bg`
--

INSERT INTO `bg` (`bg_no`, `fac`, `bg_status`, `onging_sem`) VALUES
(20, 'Applied Sciences', 'Active', '3rd Year 1st Semester');

-- --------------------------------------------------------

--
-- Table structure for table `course`
--

CREATE TABLE `course` (
  `co_id` varchar(10) NOT NULL,
  `co_name` varchar(100) NOT NULL,
  `sem` varchar(25) NOT NULL,
  `co_mode` varchar(10) NOT NULL,
  `co_type` varchar(20) NOT NULL,
  `co_credit` int(2) NOT NULL,
  `co_hours` int(2) NOT NULL,
  `no_of_lesion` int(2) NOT NULL
) ENGINE=InnoDB DEFAULT CHARSET=utf8mb4 COLLATE=utf8mb4_general_ci;

--
-- Dumping data for table `course`
--

INSERT INTO `course` (`co_id`, `co_name`, `sem`, `co_mode`, `co_type`, `co_credit`, `co_hours`, `no_of_lesion`) VALUES
('bio2334', 'fasa22', '3rd Year 1st Semester', 'Physical', 'Theory', 1, 1, 15),
('bio2334ss', 'fasa22', '3rd Year 1st Semester', 'Physical', 'Theory', 1, 1, 15),
('csm31', 'analysis', '3rd Year 1st Semester', 'Physical', 'Theory', 1, 1, 15),
('mtm123', 'fasa', '3rd Year 1st Semester', 'Physical', 'Theory', 1, 1, 15);

-- --------------------------------------------------------

--
-- Table structure for table `fac`
--

CREATE TABLE `fac` (
  `fac` varchar(30) NOT NULL
) ENGINE=InnoDB DEFAULT CHARSET=utf8mb4 COLLATE=utf8mb4_general_ci;

--
-- Dumping data for table `fac`
--

INSERT INTO `fac` (`fac`) VALUES
('Applied Sciences');

-- --------------------------------------------------------

--
-- Table structure for table `fingerprinttemp`
--

CREATE TABLE `fingerprinttemp` (
  `std_id` varchar(20) NOT NULL,
  `FingerPrint01` int(3) NOT NULL,
  `FingerPrint02` int(3) NOT NULL,
  `FingerPrint03` int(3) NOT NULL
) ENGINE=InnoDB DEFAULT CHARSET=utf8mb4 COLLATE=utf8mb4_general_ci;

-- --------------------------------------------------------

--
-- Table structure for table `lec`
--

CREATE TABLE `lec` (
  `lec_id` varchar(20) NOT NULL,
  `lec_name` varchar(100) NOT NULL
) ENGINE=InnoDB DEFAULT CHARSET=utf8mb4 COLLATE=utf8mb4_general_ci;

--
-- Dumping data for table `lec`
--

INSERT INTO `lec` (`lec_id`, `lec_name`) VALUES
('1', 'cslec1'),
('2', 'cslec6'),
('3', 'udk');

-- --------------------------------------------------------

--
-- Table structure for table `lec_co_reg`
--

CREATE TABLE `lec_co_reg` (
  `lec_id` varchar(20) NOT NULL,
  `co_id` varchar(10) NOT NULL
) ENGINE=InnoDB DEFAULT CHARSET=utf8mb4 COLLATE=utf8mb4_general_ci;

--
-- Dumping data for table `lec_co_reg`
--

INSERT INTO `lec_co_reg` (`lec_id`, `co_id`) VALUES
('3', 'bio2334'),
('3', 'bio2334ss'),
('3', 'csm31'),
('3', 'mtm123');

-- --------------------------------------------------------

--
-- Table structure for table `lesion`
--

CREATE TABLE `lesion` (
  `l_id` int(10) NOT NULL,
  `co_id` varchar(10) NOT NULL,
  `revious_l_no` int(2) NOT NULL,
  `l_date` varchar(20) NOT NULL
) ENGINE=InnoDB DEFAULT CHARSET=utf8mb4 COLLATE=utf8mb4_general_ci;

-- --------------------------------------------------------

--
-- Table structure for table `room`
--

CREATE TABLE `room` (
  `room_id` varchar(10) NOT NULL,
  `room_name` varchar(100) NOT NULL
) ENGINE=InnoDB DEFAULT CHARSET=utf8mb4 COLLATE=utf8mb4_general_ci;

--
-- Dumping data for table `room`
--

INSERT INTO `room` (`room_id`, `room_name`) VALUES
('R1', 'ROOM1'),
('R6', 'ROOM6');

-- --------------------------------------------------------

--
-- Table structure for table `room_allocation`
--

CREATE TABLE `room_allocation` (
  `room_id` varchar(10) NOT NULL,
  `co_id` varchar(10) NOT NULL,
  `bg_no` int(2) NOT NULL
) ENGINE=InnoDB DEFAULT CHARSET=utf8mb4 COLLATE=utf8mb4_general_ci;

--
-- Dumping data for table `room_allocation`
--

INSERT INTO `room_allocation` (`room_id`, `co_id`, `bg_no`) VALUES
('R1', 'bio2334', 20),
('R1', 'bio2334ss', 20),
('R1', 'mtm123', 20),
('R6', 'csm31', 20);

-- --------------------------------------------------------

--
-- Table structure for table `std`
--

CREATE TABLE `std` (
  `std_id` varchar(20) NOT NULL,
  `std_name` varchar(100) NOT NULL,
  `bg_no` int(2) NOT NULL,
  `fac` varchar(30) NOT NULL,
  `deg` varchar(20) NOT NULL,
  `fingerprint` varchar(4) NOT NULL
) ENGINE=InnoDB DEFAULT CHARSET=utf8mb4 COLLATE=utf8mb4_general_ci;

--
-- Dumping data for table `std`
--

INSERT INTO `std` (`std_id`, `std_name`, `bg_no`, `fac`, `deg`, `fingerprint`) VALUES
('1', 'aaa', 20, 'Applied Sciences', 'General Degree', '8'),
('22', '22', 20, 'Applied Sciences', 'Genaral', '13'),
('333', '333', 20, 'Applied Sciences', 'Genaral', '14'),
('dd', 'dd', 20, 'Applied Sciences', 'd', '77'),
('ID_00001', 'NAME_00001', 20, 'Applied Sciences', 'Degree', '1'),
('ID_00002', 'NAME_00002', 20, 'Applied Sciences', 'Degree', '2'),
('ID_00003', 'NAME_00003', 20, 'Applied Sciences', 'Degree', '3'),
('ID_00004', 'NAME_00004', 20, 'Applied Sciences', 'Degree', '4'),
('ID_00005', 'NAME_00005', 20, 'Applied Sciences', 'Degree', '5'),
('ID_00006', 'NAME_00006', 20, 'Applied Sciences', 'Degree', '6'),
('ID_00007', 'NAME_00007', 20, 'Applied Sciences', 'Degree', '7'),
('ID_00009', 'NAME_00009', 20, 'Applied Sciences', 'Degree', '9'),
('ID_00010', 'NAME_00010', 20, 'Applied Sciences', 'Degree', '10'),
('ID_00011', 'NAME_00011', 20, 'Applied Sciences', 'Degree', '11'),
('ID_00012', 'NAME_00012', 20, 'Applied Sciences', 'Degree', '12'),
('ID_00015', 'NAME_00015', 20, 'Applied Sciences', 'Degree', '15'),
('ID_00016', 'NAME_00016', 20, 'Applied Sciences', 'Degree', '16'),
('ID_00017', 'NAME_00017', 20, 'Applied Sciences', 'Degree', '17'),
('ID_00018', 'NAME_00018', 20, 'Applied Sciences', 'Degree', '18'),
('ID_00019', 'NAME_00019', 20, 'Applied Sciences', 'Degree', '19'),
('ID_00020', 'NAME_00020', 20, 'Applied Sciences', 'Degree', '20'),
('ID_00021', 'NAME_00021', 20, 'Applied Sciences', 'Degree', '21'),
('ID_00022', 'NAME_00022', 20, 'Applied Sciences', 'Degree', '22'),
('ID_00023', 'NAME_00023', 20, 'Applied Sciences', 'Degree', '23'),
('ID_00024', 'NAME_00024', 20, 'Applied Sciences', 'Degree', '24'),
('ID_00025', 'NAME_00025', 20, 'Applied Sciences', 'Degree', '25'),
('ID_00026', 'NAME_00026', 20, 'Applied Sciences', 'Degree', '26'),
('ID_00027', 'NAME_00027', 20, 'Applied Sciences', 'Degree', '27'),
('ID_00028', 'NAME_00028', 20, 'Applied Sciences', 'Degree', '28'),
('ID_00029', 'NAME_00029', 20, 'Applied Sciences', 'Degree', '29'),
('ID_00030', 'NAME_00030', 20, 'Applied Sciences', 'Degree', '30'),
('ID_00031', 'NAME_00031', 20, 'Applied Sciences', 'Degree', '31'),
('ID_00032', 'NAME_00032', 20, 'Applied Sciences', 'Degree', '32'),
('ID_00033', 'NAME_00033', 20, 'Applied Sciences', 'Degree', '33'),
('ID_00034', 'NAME_00034', 20, 'Applied Sciences', 'Degree', '34'),
('ID_00035', 'NAME_00035', 20, 'Applied Sciences', 'Degree', '35'),
('ID_00036', 'NAME_00036', 20, 'Applied Sciences', 'Degree', '36'),
('ID_00037', 'NAME_00037', 20, 'Applied Sciences', 'Degree', '37'),
('ID_00038', 'NAME_00038', 20, 'Applied Sciences', 'Degree', '38'),
('ID_00039', 'NAME_00039', 20, 'Applied Sciences', 'Degree', '39'),
('ID_00040', 'NAME_00040', 20, 'Applied Sciences', 'Degree', '40'),
('ID_00041', 'NAME_00041', 20, 'Applied Sciences', 'Degree', '41'),
('ID_00042', 'NAME_00042', 20, 'Applied Sciences', 'Degree', '42'),
('ID_00043', 'NAME_00043', 20, 'Applied Sciences', 'Degree', '43'),
('ID_00045', 'NAME_00045', 20, 'Applied Sciences', 'Degree', '45'),
('ID_00046', 'NAME_00046', 20, 'Applied Sciences', 'Degree', '46'),
('ID_00047', 'NAME_00047', 20, 'Applied Sciences', 'Degree', '47'),
('ID_00048', 'NAME_00048', 20, 'Applied Sciences', 'Degree', '48'),
('ID_00049', 'NAME_00049', 20, 'Applied Sciences', 'Degree', '49'),
('ID_00050', 'NAME_00050', 20, 'Applied Sciences', 'Degree', '50'),
('ss', 'sss', 20, 'Applied Sciences', 'General Degree', '44\r\n');

-- --------------------------------------------------------

--
-- Table structure for table `std_co_reg`
--

CREATE TABLE `std_co_reg` (
  `std_id` varchar(20) NOT NULL,
  `co_id` varchar(10) NOT NULL
) ENGINE=InnoDB DEFAULT CHARSET=utf8mb4 COLLATE=utf8mb4_general_ci;

--
-- Dumping data for table `std_co_reg`
--

INSERT INTO `std_co_reg` (`std_id`, `co_id`) VALUES
('1', 'bio2334'),
('1', 'bio2334ss'),
('1', 'csm31'),
('1', 'mtm123'),
('22', 'csm31'),
('333', 'csm31'),
('dd', 'csm31'),
('ID_00001', 'csm31'),
('ID_00002', 'csm31'),
('ID_00003', 'csm31'),
('ID_00004', 'csm31'),
('ID_00005', 'csm31'),
('ID_00006', 'csm31'),
('ID_00007', 'csm31'),
('ID_00009', 'csm31'),
('ID_00010', 'csm31'),
('ID_00011', 'csm31'),
('ID_00012', 'csm31'),
('ID_00015', 'csm31'),
('ID_00016', 'csm31'),
('ID_00017', 'csm31'),
('ID_00018', 'csm31'),
('ID_00019', 'csm31'),
('ID_00020', 'csm31'),
('ID_00021', 'csm31'),
('ID_00022', 'csm31'),
('ID_00023', 'csm31'),
('ID_00024', 'csm31'),
('ID_00025', 'csm31'),
('ID_00026', 'csm31'),
('ID_00027', 'csm31'),
('ID_00028', 'csm31'),
('ID_00029', 'csm31'),
('ID_00030', 'csm31'),
('ID_00031', 'csm31'),
('ID_00032', 'csm31'),
('ID_00033', 'csm31'),
('ID_00034', 'csm31'),
('ID_00035', 'csm31'),
('ID_00036', 'csm31'),
('ID_00037', 'csm31'),
('ID_00038', 'csm31'),
('ID_00039', 'csm31'),
('ID_00040', 'csm31'),
('ID_00041', 'csm31'),
('ID_00042', 'csm31'),
('ID_00043', 'csm31'),
('ID_00045', 'csm31'),
('ID_00046', 'csm31'),
('ID_00047', 'csm31'),
('ID_00048', 'csm31'),
('ID_00049', 'csm31'),
('ID_00050', 'csm31'),
('ss', 'bio2334'),
('ss', 'bio2334ss'),
('ss', 'csm31'),
('ss', 'mtm123');

-- --------------------------------------------------------

--
-- Table structure for table `students`
--

CREATE TABLE `students` (
  `student_id` int(11) NOT NULL,
  `fingerprint` blob DEFAULT NULL
) ENGINE=InnoDB DEFAULT CHARSET=utf8mb4 COLLATE=utf8mb4_general_ci;

-- --------------------------------------------------------

--
-- Table structure for table `temp_att`
--

CREATE TABLE `temp_att` (
  `std_id` int(20) NOT NULL,
  `std_name` int(100) NOT NULL,
  `std_status` int(1) NOT NULL
) ENGINE=InnoDB DEFAULT CHARSET=utf8mb4 COLLATE=utf8mb4_general_ci;

-- --------------------------------------------------------

--
-- Table structure for table `user`
--

CREATE TABLE `user` (
  `user_id` varchar(20) NOT NULL,
  `password` varchar(100) NOT NULL,
  `user_type` varchar(10) NOT NULL
) ENGINE=InnoDB DEFAULT CHARSET=utf8mb4 COLLATE=utf8mb4_general_ci;

--
-- Dumping data for table `user`
--

INSERT INTO `user` (`user_id`, `password`, `user_type`) VALUES
('1', '1', 'student'),
('3', '3', 'lecturer'),
('admin', 'admin', 'admin'),
('lec', 'lec', 'lecturer'),
('ss', 'ss', 'student'),
('std', 'std', 'student');

--
-- Indexes for dumped tables
--

--
-- Indexes for table `admin`
--
ALTER TABLE `admin`
  ADD PRIMARY KEY (`ad_id`);

--
-- Indexes for table `attendance`
--
ALTER TABLE `attendance`
  ADD PRIMARY KEY (`co_id`,`std_id`,`att_l_no`,`bg_no`),
  ADD KEY `att_std_FK1` (`std_id`),
  ADD KEY `att_bg_FK2` (`bg_no`);

--
-- Indexes for table `bg`
--
ALTER TABLE `bg`
  ADD PRIMARY KEY (`bg_no`,`fac`),
  ADD KEY `fac_fk` (`fac`);

--
-- Indexes for table `course`
--
ALTER TABLE `course`
  ADD PRIMARY KEY (`co_id`);

--
-- Indexes for table `fac`
--
ALTER TABLE `fac`
  ADD PRIMARY KEY (`fac`);

--
-- Indexes for table `lec`
--
ALTER TABLE `lec`
  ADD PRIMARY KEY (`lec_id`);

--
-- Indexes for table `lec_co_reg`
--
ALTER TABLE `lec_co_reg`
  ADD PRIMARY KEY (`lec_id`,`co_id`),
  ADD KEY `leccoregco_FK2` (`co_id`);

--
-- Indexes for table `lesion`
--
ALTER TABLE `lesion`
  ADD PRIMARY KEY (`l_id`),
  ADD KEY `lescous_FK` (`co_id`);

--
-- Indexes for table `room`
--
ALTER TABLE `room`
  ADD PRIMARY KEY (`room_id`);

--
-- Indexes for table `room_allocation`
--
ALTER TABLE `room_allocation`
  ADD PRIMARY KEY (`room_id`,`co_id`,`bg_no`),
  ADD KEY `roomallocours_fk` (`co_id`);

--
-- Indexes for table `std`
--
ALTER TABLE `std`
  ADD PRIMARY KEY (`std_id`,`fingerprint`),
  ADD UNIQUE KEY `fingerprint` (`fingerprint`),
  ADD UNIQUE KEY `fingerprint_2` (`fingerprint`),
  ADD KEY `bgstd1_fk` (`bg_no`),
  ADD KEY `bgstd2_fk` (`fac`);

--
-- Indexes for table `std_co_reg`
--
ALTER TABLE `std_co_reg`
  ADD PRIMARY KEY (`std_id`,`co_id`),
  ADD KEY `stdcoregco_FK2` (`co_id`);

--
-- Indexes for table `students`
--
ALTER TABLE `students`
  ADD PRIMARY KEY (`student_id`);

--
-- Indexes for table `temp_att`
--
ALTER TABLE `temp_att`
  ADD PRIMARY KEY (`std_id`);

--
-- Indexes for table `user`
--
ALTER TABLE `user`
  ADD PRIMARY KEY (`user_id`);

--
-- AUTO_INCREMENT for dumped tables
--

--
-- AUTO_INCREMENT for table `lesion`
--
ALTER TABLE `lesion`
  MODIFY `l_id` int(10) NOT NULL AUTO_INCREMENT;

--
-- Constraints for dumped tables
--

--
-- Constraints for table `attendance`
--
ALTER TABLE `attendance`
  ADD CONSTRAINT `att_bg_FK2` FOREIGN KEY (`bg_no`) REFERENCES `bg` (`bg_no`) ON DELETE CASCADE ON UPDATE CASCADE,
  ADD CONSTRAINT `att_co_FK2` FOREIGN KEY (`co_id`) REFERENCES `course` (`co_id`);

--
-- Constraints for table `bg`
--
ALTER TABLE `bg`
  ADD CONSTRAINT `fac_fk` FOREIGN KEY (`fac`) REFERENCES `fac` (`fac`) ON DELETE NO ACTION ON UPDATE CASCADE;

--
-- Constraints for table `lec_co_reg`
--
ALTER TABLE `lec_co_reg`
  ADD CONSTRAINT `leccoregco_FK2` FOREIGN KEY (`co_id`) REFERENCES `course` (`co_id`) ON DELETE CASCADE,
  ADD CONSTRAINT `leccoreglec_FK1` FOREIGN KEY (`lec_id`) REFERENCES `lec` (`lec_id`) ON DELETE CASCADE;

--
-- Constraints for table `lesion`
--
ALTER TABLE `lesion`
  ADD CONSTRAINT `lescous_FK` FOREIGN KEY (`co_id`) REFERENCES `course` (`co_id`);

--
-- Constraints for table `room_allocation`
--
ALTER TABLE `room_allocation`
  ADD CONSTRAINT `roomallocours_fk` FOREIGN KEY (`co_id`) REFERENCES `course` (`co_id`) ON DELETE CASCADE ON UPDATE CASCADE,
  ADD CONSTRAINT `roomalloroom_fk` FOREIGN KEY (`room_id`) REFERENCES `room` (`room_id`) ON DELETE CASCADE ON UPDATE CASCADE;

--
-- Constraints for table `std`
--
ALTER TABLE `std`
  ADD CONSTRAINT `bgstd1_fk` FOREIGN KEY (`bg_no`) REFERENCES `bg` (`bg_no`) ON DELETE CASCADE ON UPDATE NO ACTION,
  ADD CONSTRAINT `bgstd2_fk` FOREIGN KEY (`fac`) REFERENCES `bg` (`fac`) ON DELETE CASCADE ON UPDATE NO ACTION;

--
-- Constraints for table `std_co_reg`
--
ALTER TABLE `std_co_reg`
  ADD CONSTRAINT `stdcoregco_FK2` FOREIGN KEY (`co_id`) REFERENCES `course` (`co_id`) ON DELETE CASCADE,
  ADD CONSTRAINT `stdcoregstd_FK1` FOREIGN KEY (`std_id`) REFERENCES `std` (`std_id`) ON DELETE CASCADE;
COMMIT;

/*!40101 SET CHARACTER_SET_CLIENT=@OLD_CHARACTER_SET_CLIENT */;
/*!40101 SET CHARACTER_SET_RESULTS=@OLD_CHARACTER_SET_RESULTS */;
/*!40101 SET COLLATION_CONNECTION=@OLD_COLLATION_CONNECTION */;
